id,locationID,countryCode,occurrenceStatus,establishmentMeans
80500,India,IN,Present,Alien
80501,India,IN,Present,Alien
80502,India,IN,Present,Alien
80503,India,IN,Present,Alien
80504,India,IN,Present,Alien
80505,India,IN,Present,Alien
80506,India,IN,Present,Alien
80507,India,IN,Present,Alien
80508,India,IN,Present,Alien
80509,India,IN,Present,Alien
80510,India,IN,Present,Alien
80511,India,IN,Present,Alien
80512,India,IN,Present,Alien
80513,India,IN,Present,Alien
80514,India,IN,Present,Alien
80515,India,IN,Present,Alien
80516,India,IN,Present,Alien
80517,India,IN,Present,Alien
80518,India,IN,Present,Alien
80519,India,IN,Present,Alien
80520,India,IN,Present,Alien
80521,India,IN,Present,Alien
80522,India,IN,Present,Alien
80523,India,IN,Present,Alien
80524,India,IN,Present,Alien
80525,India,IN,Present,Alien
80526,India,IN,Present,Alien
80527,India,IN,Present,Alien
80528,India,IN,Present,Alien
80529,India,IN,Present,Alien
80530,India,IN,Present,Alien
80531,India,IN,Present,Alien
80532,India,IN,Present,Alien
80533,India,IN,Present,Alien
80534,India,IN,Present,Alien
80535,India,IN,Present,Alien
80536,India,IN,Present,Alien
80537,India,IN,Present,Alien
80538,India,IN,Present,Alien
80539,India,IN,Present,Alien
80540,India,IN,Present,Alien
80541,India,IN,Present,Alien
80542,India,IN,Present,Alien
80543,India,IN,Present,Alien
80544,India,IN,Present,Alien
80545,India,IN,Present,Alien
80546,India,IN,Present,Alien
80547,India,IN,Present,Alien
80548,India,IN,Present,Alien
80549,India,IN,Present,Alien
80550,India,IN,Present,Alien
80551,India,IN,Present,Alien
80552,India,IN,Present,Alien
80553,India,IN,Present,Alien
80554,India,IN,Present,Alien
80555,India,IN,Present,Alien
80556,India,IN,Present,Alien
80557,India,IN,Present,Alien
80558,India,IN,Present,Alien
80559,India,IN,Present,Alien
80560,India,IN,Present,Alien
80561,India,IN,Present,Alien
80562,India,IN,Present,Alien
80563,India,IN,Present,Alien
80564,India,IN,Present,Alien
80565,India,IN,Present,Alien
80566,India,IN,Present,Alien
80567,India,IN,Present,Alien
80568,India,IN,Present,Alien
80569,India,IN,Present,Alien
80570,India,IN,Present,Alien
80571,India,IN,Present,Alien
80572,India,IN,Present,Alien
80573,India,IN,Present,Alien
80574,India,IN,Present,Alien
80575,India,IN,Present,Alien
80576,India,IN,Present,Alien
80577,India,IN,Present,Alien
80578,India,IN,Present,Alien
80579,India,IN,Present,Alien
80580,India,IN,Present,Alien
80581,India,IN,Present,Alien
80582,India,IN,Present,Alien
80583,India,IN,Present,Alien
80584,India,IN,Present,Alien
80585,India,IN,Present,Alien
80586,India,IN,Present,Alien
80587,India,IN,Present,Alien
80588,India,IN,Present,Alien
80589,India,IN,Present,Alien
80590,India,IN,Present,Alien
80591,India,IN,Present,Alien
80592,India,IN,Present,Alien
80593,India,IN,Present,Alien
80594,India,IN,Present,Alien
80595,India,IN,Present,Alien
80596,India,IN,Present,Alien
80597,India,IN,Present,Alien
80598,India,IN,Present,Alien
80599,India,IN,Present,Alien
80600,India,IN,Present,Alien
80601,India,IN,Present,Alien
80602,India,IN,Present,Alien
80603,India,IN,Present,Alien
80604,India,IN,Present,Alien
80605,India,IN,Present,Alien
80606,India,IN,Present,Alien
80607,India,IN,Present,Alien
80608,India,IN,Present,Alien
80609,India,IN,Present,Alien
80610,India,IN,Present,Alien
80611,India,IN,Present,Alien
80612,India,IN,Present,Alien
80613,India,IN,Present,Alien
80614,India,IN,Present,Alien
80615,India,IN,Present,Alien
80616,India,IN,Present,Alien
80617,India,IN,Present,Alien
80618,India,IN,Present,Alien
80619,India,IN,Present,Alien
80620,India,IN,Present,Alien
80621,India,IN,Present,Alien
80622,India,IN,Present,Alien
80623,India,IN,Present,Alien
80624,India,IN,Present,Alien
80625,India,IN,Present,Alien
80626,India,IN,Present,Alien
80627,India,IN,Present,Alien
80628,India,IN,Present,Alien
80629,India,IN,Present,Alien
80630,India,IN,Present,Alien
80631,India,IN,Present,Alien
80632,India,IN,Present,Alien
80633,India,IN,Present,Alien
80634,India,IN,Present,Alien
80635,India,IN,Present,Alien
80636,India,IN,Present,Alien
80637,India,IN,Present,Alien
80638,India,IN,Present,Alien
80639,India,IN,Present,Alien
80640,India,IN,Present,Alien
80641,India,IN,Present,Alien
80642,India,IN,Present,Alien
80643,India,IN,Present,Alien
80644,India,IN,Present,Alien
80645,India,IN,Present,Alien
80646,India,IN,Present,Alien
80647,India,IN,Present,Alien
80648,India,IN,Present,Alien
80649,India,IN,Present,Alien
80650,India,IN,Present,Alien
80651,India,IN,Present,Alien
80652,India,IN,Present,Alien
80653,India,IN,Present,Alien
80654,India,IN,Present,Alien
80655,India,IN,Present,Alien
80656,India,IN,Present,Alien
80657,India,IN,Present,Alien
80658,India,IN,Present,Alien
80659,India,IN,Present,Alien
80660,India,IN,Present,Alien
80661,India,IN,Present,Alien
80662,India,IN,Present,Alien
80663,India,IN,Present,Alien
80664,India,IN,Present,Alien
80665,India,IN,Present,Alien
80666,India,IN,Present,Alien
80667,India,IN,Present,Alien
80668,India,IN,Present,Alien
80669,India,IN,Present,Alien
80670,India,IN,Present,Alien
80671,India,IN,Present,Alien
80672,India,IN,Present,Alien
80673,India,IN,Present,Alien
80674,India,IN,Present,Alien
80675,India,IN,Present,Alien
80676,India,IN,Present,Alien
80677,India,IN,Present,Alien
80678,India,IN,Present,Alien
80679,India,IN,Present,Alien
80680,India,IN,Present,Alien
80681,India,IN,Present,Alien
80682,India,IN,Present,Alien
80683,India,IN,Present,Alien
80684,India,IN,Present,Alien
80685,India,IN,Present,Alien
80686,India,IN,Present,Alien
80687,India,IN,Present,Alien
80688,India,IN,Present,Alien
80689,India,IN,Present,Alien
80690,India,IN,Present,Alien
80691,India,IN,Present,Alien
80692,India,IN,Present,Alien
80693,India,IN,Present,Alien
80694,India,IN,Present,Alien
80695,India,IN,Present,Alien
80696,India,IN,Present,Alien
80697,India,IN,Present,Alien
80698,India,IN,Present,Alien
80699,India,IN,Present,Alien
80700,India,IN,Present,Alien
80701,India,IN,Present,Alien
80702,India,IN,Present,Alien
80703,India,IN,Present,Alien
80704,India,IN,Present,Alien
80705,India,IN,Present,Alien
80706,India,IN,Present,Alien
80707,India,IN,Present,Alien
80708,India,IN,Present,Alien
80709,India,IN,Present,Alien
80710,India,IN,Present,Alien
80711,India,IN,Present,Alien
80712,India,IN,Present,Alien
80713,India,IN,Present,Alien
80714,India,IN,Present,Alien
80715,India,IN,Present,Alien
80716,India,IN,Present,Alien
80717,India,IN,Present,Alien
80718,India,IN,Present,Alien
80719,India,IN,Present,Native|Alien
80720,India,IN,Present,Alien
80721,India,IN,Present,Alien
80722,India,IN,Present,Alien
80723,India,IN,Present,Alien
80724,India,IN,Present,Alien
80725,India,IN,Present,Alien
80726,India,IN,Present,Alien
80727,India,IN,Present,Alien
80728,India,IN,Present,Alien
80729,India,IN,Present,Alien
80730,India,IN,Present,Cryptogenic|Uncertain
80731,India,IN,Present,Alien
80732,India,IN,Present,Alien
80733,India,IN,Present,Alien
80734,India,IN,Present,Alien
80735,India,IN,Present,Alien
80736,India,IN,Present,Alien
80737,India,IN,Present,Alien
80738,India,IN,Present,Alien
80739,India,IN,Present,Alien
80740,India,IN,Present,Alien
80741,India,IN,Present,Alien
80742,India,IN,Present,Alien
80743,India,IN,Present,Alien
80744,India,IN,Present,Alien
80745,India,IN,Present,Alien
80746,India,IN,Present,Alien
80747,India,IN,Present,Alien
80748,India,IN,Present,Alien
80749,India,IN,Present,Alien
80750,India,IN,Present,Alien
80751,India,IN,Present,Alien
80752,India,IN,Present,Alien
80753,India,IN,Present,Alien
80754,India,IN,Present,Alien
80755,India,IN,Present,Alien
80756,India,IN,Present,Alien
80757,India,IN,Present,Alien
80758,India,IN,Present,Alien
80759,India,IN,Present,Alien
80760,India,IN,Present,Alien
80761,India,IN,Present,Alien
80762,India,IN,Present,Alien
80763,India,IN,Present,Alien
80764,India,IN,Present,Alien
80765,India,IN,Present,Alien
80766,India,IN,Present,Alien
80767,India,IN,Present,Alien
80768,India,IN,Present,Alien
80769,India,IN,Present,Alien
80770,India,IN,Present,Alien
80771,India,IN,Present,Alien
80772,India,IN,Present,Alien
80773,India,IN,Present,Alien
80774,India,IN,Present,Alien
80775,India,IN,Present,Alien
80776,India,IN,Present,Alien
80777,India,IN,Present,Alien
80778,India,IN,Present,Alien
80779,India,IN,Present,Alien
80780,India,IN,Present,Alien
80781,India,IN,Present,Alien
80782,India,IN,Present,Alien
80783,India,IN,Present,Alien
80784,India,IN,Present,Alien
80785,India,IN,Present,Alien
80786,India,IN,Present,Alien
80787,India,IN,Present,Alien
80788,India,IN,Present,Alien
80789,India,IN,Present,Alien
80790,India,IN,Present,Alien
80791,India,IN,Present,Alien
80792,India,IN,Present,Alien
80793,India,IN,Present,Alien
80794,India,IN,Present,Alien
80795,India,IN,Present,Alien
80796,India,IN,Present,Alien
80797,India,IN,Present,Alien
80798,India,IN,Present,Alien
80799,India,IN,Present,Alien
80800,India,IN,Present,Alien
80801,India,IN,Present,Alien
80802,India,IN,Present,Alien
80803,India,IN,Present,Alien
80804,India,IN,Present,Alien
80805,India,IN,Present,Alien
80806,India,IN,Present,Alien
80807,India,IN,Present,Alien
80808,India,IN,Present,Alien
80809,India,IN,Present,Alien
80810,India,IN,Present,Alien
80811,India,IN,Present,Alien
80812,India,IN,Present,Alien
80813,India,IN,Present,Alien
80814,India,IN,Present,Alien
80815,India,IN,Present,Alien
80816,India,IN,Present,Alien
80817,India,IN,Present,Alien
80818,India,IN,Present,Alien
80819,India,IN,Present,Alien
80820,India,IN,Present,Alien
80821,India,IN,Present,Alien
80822,India,IN,Present,Alien
80823,India,IN,Present,Alien
80824,India,IN,Present,Alien
80825,India,IN,Present,Alien
80826,India,IN,Present,Alien
80827,India,IN,Present,Alien
80828,India,IN,Present,Alien
80829,India,IN,Present,Alien
80830,India,IN,Present,Alien
80831,India,IN,Present,Alien
80832,India,IN,Present,Alien
80833,India,IN,Present,Alien
80834,India,IN,Present,Alien
80835,India,IN,Present,Alien
80836,India,IN,Present,Alien
80837,India,IN,Present,Alien
80838,India,IN,Present,Alien
80839,India,IN,Present,Alien
80840,India,IN,Present,Alien
80841,India,IN,Present,Alien
80842,India,IN,Present,Alien
80843,India,IN,Present,Alien
80844,India,IN,Present,Alien
80845,India,IN,Present,Alien
80846,India,IN,Present,Alien
80847,India,IN,Present,Alien
80848,India,IN,Present,Alien
80849,India,IN,Present,Alien
80850,India,IN,Present,Alien
80851,India,IN,Present,Alien
80852,India,IN,Present,Alien
80853,India,IN,Present,Alien
80854,India,IN,Present,Alien
80855,India,IN,Present,Alien
80856,India,IN,Present,Alien
80857,India,IN,Present,Alien
80858,India,IN,Present,Alien
80859,India,IN,Present,Alien
80860,India,IN,Present,Alien
80861,India,IN,Present,Alien
80862,India,IN,Present,Alien
80863,India,IN,Present,Alien
80864,India,IN,Present,Alien
80865,India,IN,Present,Alien
80866,India,IN,Present,Alien
80867,India,IN,Present,Alien
80868,India,IN,Present,Alien
80869,India,IN,Present,Alien
80870,India,IN,Present,Alien
80871,India,IN,Present,Alien
80872,India,IN,Present,Alien
80873,India,IN,Present,Alien
80874,India,IN,Present,Alien
80875,India,IN,Present,Alien
80876,India,IN,Present,Alien
80877,India,IN,Present,Alien
80878,India,IN,Present,Alien
80879,India,IN,Present,Alien
80880,India,IN,Present,Alien
80881,India,IN,Present,Alien
80882,India,IN,Present,Alien
80883,India,IN,Present,Alien
80884,India,IN,Present,Alien
80885,India,IN,Present,Alien
80886,India,IN,Present,Alien
80887,India,IN,Present,Alien
80888,India,IN,Present,Alien
80889,India,IN,Present,Alien
80890,India,IN,Present,Alien
80891,India,IN,Present,Alien
80892,India,IN,Present,Alien
80893,India,IN,Present,Alien
80894,India,IN,Present,Alien
80895,India,IN,Present,Alien
80896,India,IN,Present,Alien
80897,India,IN,Present,Alien
80898,India,IN,Present,Alien
80899,India,IN,Present,Alien
80900,India,IN,Present,Alien
80901,India,IN,Present,Alien
80902,India,IN,Present,Alien
80903,India,IN,Present,Alien
80904,India,IN,Present,Alien
80905,India,IN,Present,Alien
80906,India,IN,Present,Alien
80907,India,IN,Present,Alien
80908,India,IN,Present,Alien
80909,India,IN,Present,Alien
80910,India,IN,Present,Alien
80911,India,IN,Present,Alien
80912,India,IN,Present,Alien
80913,India,IN,Present,Alien
80914,India,IN,Present,Alien
80915,India,IN,Present,Alien
80916,India,IN,Present,Alien
80917,India,IN,Present,Alien
80918,India,IN,Present,Alien
80919,India,IN,Present,Alien
80920,India,IN,Present,Alien
80921,India,IN,Present,Alien
80922,India,IN,Present,Alien
80923,India,IN,Present,Alien
80924,India,IN,Present,Alien
80925,India,IN,Present,Alien
80926,India,IN,Present,Alien
80927,India,IN,Present,Alien
80928,India,IN,Present,Alien
80929,India,IN,Present,Alien
80930,India,IN,Present,Alien
80931,India,IN,Present,Alien
80932,India,IN,Present,Alien
80933,India,IN,Present,Alien
80934,India,IN,Present,Alien
80935,India,IN,Present,Alien
80936,India,IN,Present,Alien
80937,India,IN,Present,Alien
80938,India,IN,Present,Alien
80939,India,IN,Present,Alien
80940,India,IN,Present,Alien
80941,India,IN,Present,Alien
80942,India,IN,Present,Alien
80943,India,IN,Present,Alien
80944,India,IN,Present,Alien
80945,India,IN,Present,Alien
80946,India,IN,Present,Alien
80947,India,IN,Present,Alien
80948,India,IN,Present,Alien
80949,India,IN,Present,Alien
80950,India,IN,Present,Alien
80951,India,IN,Present,Alien
80952,India,IN,Present,Alien
80953,India,IN,Present,Alien
80954,India,IN,Present,Alien
80955,India,IN,Present,Alien
80956,India,IN,Present,Alien
80957,India,IN,Present,Alien
80958,India,IN,Present,Alien
80959,India,IN,Present,Alien
80960,India,IN,Present,Alien
80961,India,IN,Present,Alien
80962,India,IN,Present,Alien
80963,India,IN,Present,Alien
80964,India,IN,Present,Alien
80965,India,IN,Present,Alien
80966,India,IN,Present,Alien
80967,India,IN,Present,Alien
80968,India,IN,Present,Alien
80969,India,IN,Present,Alien
80970,India,IN,Present,Alien
80971,India,IN,Present,Alien
80972,India,IN,Present,Alien
80973,India,IN,Present,Alien
80974,India,IN,Present,Alien
80975,India,IN,Present,Alien
80976,India,IN,Present,Alien
80977,India,IN,Present,Alien
80978,India,IN,Present,Alien
80979,India,IN,Present,Alien
80980,India,IN,Present,Alien
80981,India,IN,Present,Alien
80982,India,IN,Present,Alien
80983,India,IN,Present,Alien
80984,India,IN,Present,Alien
80985,India,IN,Present,Alien
80986,India,IN,Present,Alien
80987,India,IN,Present,Alien
80988,India,IN,Present,Alien
80989,India,IN,Present,Alien
80990,India,IN,Present,Alien
80991,India,IN,Present,Alien
80992,India,IN,Present,Alien
80993,India,IN,Present,Alien
80994,India,IN,Present,Alien
80995,India,IN,Present,Alien
80996,India,IN,Present,Alien
80997,India,IN,Present,Alien
80998,India,IN,Present,Alien
80999,India,IN,Present,Alien
81000,India,IN,Present,Alien
81001,India,IN,Present,Alien
81002,India,IN,Present,Alien
81003,India,IN,Present,Alien
81004,India,IN,Present,Alien
81005,India,IN,Present,Alien
81006,India,IN,Present,Alien
81007,India,IN,Present,Alien
81008,India,IN,Present,Alien
81009,India,IN,Present,Alien
81010,India,IN,Present,Alien
81011,India,IN,Present,Alien
81012,India,IN,Present,Alien
81013,India,IN,Present,Alien
81014,India,IN,Present,Alien
81015,India,IN,Present,Alien
81016,India,IN,Present,Alien
81017,India,IN,Present,Alien
81018,India,IN,Present,Alien
81019,India,IN,Present,Alien
81020,India,IN,Present,Alien
81021,India,IN,Present,Alien
81022,India,IN,Present,Alien
81023,India,IN,Present,Alien
81024,India,IN,Present,Alien
81025,India,IN,Present,Alien
81026,India,IN,Present,Alien
81027,India,IN,Present,Alien
81028,India,IN,Present,Alien
81029,India,IN,Present,Alien
81030,India,IN,Present,Alien
81031,India,IN,Present,Alien
81032,India,IN,Present,Alien
81033,India,IN,Present,Alien
81034,India,IN,Present,Alien
81035,India,IN,Present,Alien
81036,India,IN,Present,Alien
81037,India,IN,Present,Alien
81038,India,IN,Present,Alien
81039,India,IN,Present,Alien
81040,India,IN,Present,Alien
81041,India,IN,Present,Alien
81042,India,IN,Present,Alien
81043,India,IN,Present,Alien
81044,India,IN,Present,Alien
81045,India,IN,Present,Alien
81046,India,IN,Present,Alien
81047,India,IN,Present,Alien
81048,India,IN,Present,Alien
81049,India,IN,Present,Alien
81050,India,IN,Present,Alien
81051,India,IN,Present,Alien
81052,India,IN,Present,Alien
81053,India,IN,Present,Alien
81054,India,IN,Present,Alien
81055,India,IN,Present,Alien
81056,India,IN,Present,Alien
81057,India,IN,Present,Alien
81058,India,IN,Present,Alien
81059,India,IN,Present,Alien
81060,India,IN,Present,Alien
81061,India,IN,Present,Alien
81062,India,IN,Present,Alien
81063,India,IN,Present,Alien
81064,India,IN,Present,Alien
81065,India,IN,Present,Alien
81066,India,IN,Present,Alien
81067,India,IN,Present,Alien
81068,India,IN,Present,Alien
81069,India,IN,Present,Alien
81070,India,IN,Present,Alien
81071,India,IN,Present,Alien
81072,India,IN,Present,Alien
81073,India,IN,Present,Alien
81074,India,IN,Present,Alien
81075,India,IN,Present,Alien
81076,India,IN,Present,Alien
81077,India,IN,Present,Alien
81078,India,IN,Present,Alien
81079,India,IN,Present,Alien
81080,India,IN,Present,Alien
81081,India,IN,Present,Alien
81082,India,IN,Present,Alien
81083,India,IN,Present,Alien
81084,India,IN,Present,Alien
81085,India,IN,Present,Alien
81086,India,IN,Present,Alien
81087,India,IN,Present,Alien
81088,India,IN,Present,Alien
81089,India,IN,Present,Alien
81090,India,IN,Present,Alien
81091,India,IN,Present,Alien
81092,India,IN,Present,Alien
81093,India,IN,Present,Alien
81094,India,IN,Present,Alien
81095,India,IN,Present,Alien
81096,India,IN,Present,Alien
81097,India,IN,Present,Alien
81098,India,IN,Present,Alien
81099,India,IN,Present,Alien
81100,India,IN,Present,Alien
81101,India,IN,Present,Alien
81102,India,IN,Present,Alien
81103,India,IN,Present,Alien
81104,India,IN,Present,Alien
81105,India,IN,Present,Alien
81106,India,IN,Present,Alien
81107,India,IN,Present,Alien
81108,India,IN,Present,Alien
81109,India,IN,Present,Alien
81110,India,IN,Present,Alien
81111,India,IN,Present,Alien
81112,India,IN,Present,Alien
81113,India,IN,Present,Alien
81114,India,IN,Present,Alien
81115,India,IN,Present,Alien
81116,India,IN,Present,Alien
81117,India,IN,Present,Alien
81118,India,IN,Present,Alien
81119,India,IN,Present,Alien
81120,India,IN,Present,Alien
81121,India,IN,Present,Alien
81122,India,IN,Present,Alien
81123,India,IN,Present,Alien
81124,India,IN,Present,Alien
81125,India,IN,Present,Alien
81126,India,IN,Present,Alien
81127,India,IN,Present,Alien
81128,India,IN,Present,Alien
81129,India,IN,Present,Alien
81130,India,IN,Present,Alien
81131,India,IN,Present,Alien
81132,India,IN,Present,Alien
81133,India,IN,Present,Alien
81134,India,IN,Present,Alien
81135,India,IN,Present,Alien
81136,India,IN,Present,Alien
81137,India,IN,Present,Alien
81138,India,IN,Present,Alien
81139,India,IN,Present,Alien
81140,India,IN,Present,Alien
81141,India,IN,Present,Alien
81142,India,IN,Present,Alien
81143,India,IN,Present,Alien
81144,India,IN,Present,Alien
81145,India,IN,Present,Alien
81146,India,IN,Present,Alien
81147,India,IN,Present,Alien
81148,India,IN,Present,Alien
81149,India,IN,Present,Alien
81150,India,IN,Present,Alien
81151,India,IN,Present,Alien
81152,India,IN,Present,Alien
81153,India,IN,Present,Alien
81154,India,IN,Present,Alien
81155,India,IN,Present,Alien
81156,India,IN,Present,Alien
81157,India,IN,Present,Alien
81158,India,IN,Present,Alien
81159,India,IN,Present,Alien
81160,India,IN,Present,Alien
81161,India,IN,Present,Alien
81162,India,IN,Present,Alien
81163,India,IN,Present,Alien
81164,India,IN,Present,Alien
81165,India,IN,Present,Alien
81166,India,IN,Present,Alien
81167,India,IN,Present,Alien
81168,India,IN,Present,Alien
81169,India,IN,Present,Alien
81170,India,IN,Present,Alien
81171,India,IN,Present,Alien
81172,India,IN,Present,Alien
81173,India,IN,Present,Alien
81174,India,IN,Present,Alien
81175,India,IN,Present,Alien
81176,India,IN,Present,Alien
81177,India,IN,Present,Alien
81178,India,IN,Present,Alien
81179,India,IN,Present,Alien
81180,India,IN,Present,Alien
81181,India,IN,Present,Alien
81182,India,IN,Present,Alien
81183,India,IN,Present,Alien
81184,India,IN,Present,Alien
81185,India,IN,Present,Alien
81186,India,IN,Present,Alien
81187,India,IN,Present,Alien
81188,India,IN,Present,Alien
81189,India,IN,Present,Alien
81190,India,IN,Present,Alien
81191,India,IN,Present,Alien
81192,India,IN,Present,Alien
81193,India,IN,Present,Alien
81194,India,IN,Present,Alien
81195,India,IN,Present,Alien
81196,India,IN,Present,Alien
81197,India,IN,Present,Alien
81198,India,IN,Present,Alien
81199,India,IN,Present,Alien
81200,India,IN,Present,Alien
81201,India,IN,Present,Alien
81202,India,IN,Present,Alien
81203,India,IN,Present,Alien
81204,India,IN,Present,Alien
81205,India,IN,Present,Alien
81206,India,IN,Present,Alien
81207,India,IN,Present,Alien
81208,India,IN,Present,Alien
81209,India,IN,Present,Alien
81210,India,IN,Present,Alien
81211,India,IN,Present,Alien
81212,India,IN,Present,Alien
81213,India,IN,Present,Alien
81214,India,IN,Present,Alien
81215,India,IN,Present,Alien
81216,India,IN,Present,Alien
81217,India,IN,Present,Alien
81218,India,IN,Present,Alien
81219,India,IN,Present,Alien
81220,India,IN,Present,Alien
81221,India,IN,Present,Alien
81222,India,IN,Present,Alien
81223,India,IN,Present,Alien
81224,India,IN,Present,Alien
81225,India,IN,Present,Alien
81226,India,IN,Present,Alien
81227,India,IN,Present,Alien
81228,India,IN,Present,Alien
81229,India,IN,Present,Alien
81230,India,IN,Present,Alien
81231,India,IN,Present,Alien
81232,India,IN,Present,Alien
81233,India,IN,Present,Alien
81234,India,IN,Present,Alien
81235,India,IN,Present,Alien
81236,India,IN,Present,Alien
81237,India,IN,Present,Alien
81238,India,IN,Present,Alien
81239,India,IN,Present,Alien
81240,India,IN,Present,Alien
81241,India,IN,Present,Alien
81242,India,IN,Present,Alien
81243,India,IN,Present,Alien
81244,India,IN,Present,Alien
81245,India,IN,Present,Alien
81246,India,IN,Present,Alien
81247,India,IN,Present,Alien
81248,India,IN,Present,Alien
81249,India,IN,Present,Alien
81250,India,IN,Present,Alien
81251,India,IN,Present,Alien
81252,India,IN,Present,Alien
81253,India,IN,Present,Alien
81254,India,IN,Present,Alien
81255,India,IN,Present,Alien
81256,India,IN,Present,Alien
81257,India,IN,Present,Alien
81258,India,IN,Present,Alien
81259,India,IN,Present,Alien
81260,India,IN,Present,Alien
81261,India,IN,Present,Alien
81262,India,IN,Present,Alien
81263,India,IN,Present,Alien
81264,India,IN,Present,Alien
81265,India,IN,Present,Alien
81266,India,IN,Present,Alien
81267,India,IN,Present,Alien
81268,India,IN,Present,Alien
81269,India,IN,Present,Alien
81270,India,IN,Present,Alien
81271,India,IN,Present,Alien
81272,India,IN,Present,Alien
81273,India,IN,Present,Alien
81274,India,IN,Present,Alien
81275,India,IN,Present,Alien
81276,India,IN,Present,Alien
81277,India,IN,Present,Alien
81278,India,IN,Present,Alien
81279,India,IN,Present,Alien
81280,India,IN,Present,Alien
81281,India,IN,Present,Alien
81282,India,IN,Present,Alien
81283,India,IN,Present,Alien
81284,India,IN,Present,Alien
81285,India,IN,Present,Alien
81286,India,IN,Present,Alien
81287,India,IN,Present,Alien
81288,India,IN,Present,Alien
81289,India,IN,Present,Alien
81290,India,IN,Present,Alien
81291,India,IN,Present,Alien
81292,India,IN,Present,Alien
81293,India,IN,Present,Alien
81294,India,IN,Present,Alien
81295,India,IN,Present,Alien
81296,India,IN,Present,Alien
81297,India,IN,Present,Alien
81298,India,IN,Present,Alien
81299,India,IN,Present,Alien
81300,India,IN,Present,Alien
81301,India,IN,Present,Alien
81302,India,IN,Present,Alien
81303,India,IN,Present,Alien
81304,India,IN,Present,Alien
81305,India,IN,Present,Alien
81306,India,IN,Present,Alien
81307,India,IN,Present,Alien
81308,India,IN,Present,Alien
81309,India,IN,Present,Alien
81310,India,IN,Present,Alien
81311,India,IN,Present,Alien
81312,India,IN,Present,Alien
81313,India,IN,Present,Alien
81314,India,IN,Present,Alien
81315,India,IN,Present,Alien
81316,India,IN,Present,Alien
81317,India,IN,Present,Alien
81318,India,IN,Present,Alien
81319,India,IN,Present,Alien
81320,India,IN,Present,Alien
81321,India,IN,Present,Alien
81322,India,IN,Present,Alien
81323,India,IN,Present,Alien
81324,India,IN,Present,Alien
81325,India,IN,Present,Alien
81326,India,IN,Present,Alien
81327,India,IN,Present,Alien
81328,India,IN,Present,Alien
81329,India,IN,Present,Alien
81330,India,IN,Present,Alien
81331,India,IN,Present,Alien
81332,India,IN,Present,Alien
81333,India,IN,Present,Alien
81334,India,IN,Present,Alien
81335,India,IN,Present,Alien
81336,India,IN,Present,Alien
81337,India,IN,Present,Alien
81338,India,IN,Present,Alien
81339,India,IN,Present,Alien
81340,India,IN,Present,Alien
81341,India,IN,Present,Alien
81342,India,IN,Present,Alien
81343,India,IN,Present,Alien
81344,India,IN,Present,Alien
81345,India,IN,Present,Alien
81346,India,IN,Present,Alien
81347,India,IN,Present,Alien
81348,India,IN,Present,Alien
81349,India,IN,Present,Alien
81350,India,IN,Present,Alien
81351,India,IN,Present,Alien
81352,India,IN,Present,Alien
81353,India,IN,Present,Alien
81354,India,IN,Present,Alien
81355,India,IN,Present,Alien
81356,India,IN,Present,Alien
81357,India,IN,Present,Alien
81358,India,IN,Present,Alien
81359,India,IN,Present,Alien
81360,India,IN,Present,Alien
81361,India,IN,Present,Alien
81362,India,IN,Present,Alien
81363,India,IN,Present,Alien
81364,India,IN,Present,Alien
81365,India,IN,Present,Alien
81366,India,IN,Present,Alien
81367,India,IN,Present,Alien
81368,India,IN,Present,Alien
81369,India,IN,Present,Alien
81370,India,IN,Present,Alien
81371,India,IN,Present,Alien
81372,India,IN,Present,Alien
81373,India,IN,Present,Alien
81374,India,IN,Present,Alien
81375,India,IN,Present,Alien
81376,India,IN,Present,Alien
81377,India,IN,Present,Alien
81378,India,IN,Present,Alien
81379,India,IN,Present,Alien
81380,India,IN,Present,Alien
81381,India,IN,Present,Alien
81382,India,IN,Present,Alien
81383,India,IN,Present,Alien
81384,India,IN,Present,Alien
81385,India,IN,Present,Alien
81386,India,IN,Present,Alien
81387,India,IN,Present,Alien
81388,India,IN,Present,Alien
81389,India,IN,Present,Alien
81390,India,IN,Present,Alien
81391,India,IN,Present,Alien
81392,India,IN,Present,Alien
81393,India,IN,Present,Alien
81394,India,IN,Present,Alien
81395,India,IN,Present,Alien
81396,India,IN,Present,Alien
81397,India,IN,Present,Alien
81398,India,IN,Present,Alien
81399,India,IN,Present,Alien
81400,India,IN,Present,Alien
81401,India,IN,Present,Alien
81402,India,IN,Present,Alien
81403,India,IN,Present,Alien
81404,India,IN,Present,Alien
81405,India,IN,Present,Alien
81406,India,IN,Present,Alien
81407,India,IN,Present,Alien
81408,India,IN,Present,Alien
81409,India,IN,Present,Alien
81410,India,IN,Present,Alien
81411,India,IN,Present,Alien
81412,India,IN,Present,Alien
81413,India,IN,Present,Alien
81414,India,IN,Present,Alien
81415,India,IN,Present,Alien
81416,India,IN,Present,Alien
81417,India,IN,Present,Alien
81418,India,IN,Present,Alien
81419,India,IN,Present,Alien
81420,India,IN,Present,Alien
81421,India,IN,Present,Alien
81422,India,IN,Present,Alien
81423,India,IN,Present,Alien
81424,India,IN,Present,Alien
81425,India,IN,Present,Alien
81426,India,IN,Present,Alien
81427,India,IN,Present,Alien
81428,India,IN,Present,Alien
81429,India,IN,Present,Alien
81430,India,IN,Present,Alien
81431,India,IN,Present,Alien
81432,India,IN,Present,Alien
81433,India,IN,Present,Alien
81434,India,IN,Present,Alien
81435,India,IN,Present,Alien
81436,India,IN,Present,Alien
81437,India,IN,Present,Alien
81438,India,IN,Present,Alien
81439,India,IN,Present,Alien
81440,India,IN,Present,Alien
81441,India,IN,Present,Alien
81442,India,IN,Present,Alien
81443,India,IN,Present,Alien
81444,India,IN,Present,Alien
81445,India,IN,Present,Alien
81446,India,IN,Present,Alien
81447,India,IN,Present,Alien
81448,India,IN,Present,Alien
81449,India,IN,Present,Alien
81450,India,IN,Present,Alien
81451,India,IN,Present,Alien
81452,India,IN,Present,Alien
81453,India,IN,Present,Alien
81454,India,IN,Present,Alien
81455,India,IN,Present,Alien
81456,India,IN,Present,Alien
81457,India,IN,Present,Alien
81458,India,IN,Present,Alien
81459,India,IN,Present,Alien
81460,India,IN,Present,Alien
81461,India,IN,Present,Alien
81462,India,IN,Present,Alien
81463,India,IN,Present,Alien
81464,India,IN,Present,Alien
81465,India,IN,Present,Alien
81466,India,IN,Present,Alien
81467,India,IN,Present,Alien
81468,India,IN,Present,Alien
81469,India,IN,Present,Alien
81470,India,IN,Present,Alien
81471,India,IN,Present,Alien
81472,India,IN,Present,Alien
81473,India,IN,Present,Alien
81474,India,IN,Present,Alien
81475,India,IN,Present,Alien
81476,India,IN,Present,Alien
81477,India,IN,Present,Alien
81478,India,IN,Present,Alien
81479,India,IN,Present,Alien
81480,India,IN,Present,Alien
81481,India,IN,Present,Alien
81482,India,IN,Present,Alien
81483,India,IN,Present,Alien
81484,India,IN,Present,Alien
81485,India,IN,Present,Alien
81486,India,IN,Present,Alien
81487,India,IN,Present,Alien
81488,India,IN,Present,Alien
81489,India,IN,Present,Alien
81490,India,IN,Present,Alien
81491,India,IN,Present,Alien
81492,India,IN,Present,Alien
81493,India,IN,Present,Alien
81494,India,IN,Present,Alien
81495,India,IN,Present,Alien
81496,India,IN,Present,Alien
81497,India,IN,Present,Alien
81498,India,IN,Present,Alien
81499,India,IN,Present,Alien
81500,India,IN,Present,Alien
81501,India,IN,Present,Alien
81502,India,IN,Present,Alien
81503,India,IN,Present,Alien
81504,India,IN,Present,Alien
81505,India,IN,Present,Alien
81506,India,IN,Present,Alien
81507,India,IN,Present,Alien
81508,India,IN,Present,Alien
81509,India,IN,Present,Alien
81510,India,IN,Present,Alien
81511,India,IN,Present,Alien
81512,India,IN,Present,Alien
81513,India,IN,Present,Alien
81514,India,IN,Present,Alien
81515,India,IN,Present,Alien
81516,India,IN,Present,Alien
81517,India,IN,Present,Alien
81518,India,IN,Present,Alien
81519,India,IN,Present,Alien
81520,India,IN,Present,Alien
81521,India,IN,Present,Alien
81522,India,IN,Present,Alien
81523,India,IN,Present,Alien
81524,India,IN,Present,Alien
81525,India,IN,Present,Alien
81526,India,IN,Present,Alien
81527,India,IN,Present,Alien
81528,India,IN,Present,Alien
81529,India,IN,Present,Alien
81530,India,IN,Present,Alien
81531,India,IN,Present,Alien
81532,India,IN,Present,Alien
81533,India,IN,Present,Alien
81534,India,IN,Present,Alien
81535,India,IN,Present,Alien
81536,India,IN,Present,Alien
81537,India,IN,Present,Alien
81538,India,IN,Present,Alien
81539,India,IN,Present,Alien
81540,India,IN,Present,Alien
81541,India,IN,Present,Alien
81542,India,IN,Present,Alien
81543,India,IN,Present,Alien
81544,India,IN,Present,Alien
81545,India,IN,Present,Alien
81546,India,IN,Present,Alien
81547,India,IN,Present,Alien
81548,India,IN,Present,Alien
81549,India,IN,Present,Alien
81550,India,IN,Present,Alien
81551,India,IN,Present,Alien
81552,India,IN,Present,Alien
81553,India,IN,Present,Alien
81554,India,IN,Present,Alien
81555,India,IN,Present,Alien
81556,India,IN,Present,Alien
81557,India,IN,Present,Alien
81558,India,IN,Present,Alien
81559,India,IN,Present,Alien
81560,India,IN,Present,Alien
81561,India,IN,Present,Alien
81562,India,IN,Present,Alien
81563,India,IN,Present,Alien
81564,India,IN,Present,Alien
81565,India,IN,Present,Alien
81566,India,IN,Present,Alien
81567,India,IN,Present,Alien
81568,India,IN,Present,Alien
81569,India,IN,Present,Alien
81570,India,IN,Present,Alien
81571,India,IN,Present,Alien
81572,India,IN,Present,Alien
81573,India,IN,Present,Alien
81574,India,IN,Present,Alien
81575,India,IN,Present,Alien
81576,India,IN,Present,Alien
81577,India,IN,Present,Alien
81578,India,IN,Present,Alien
81579,India,IN,Present,Alien
81580,India,IN,Present,Alien
81581,India,IN,Present,Alien
81582,India,IN,Present,Alien
81583,India,IN,Present,Alien
81584,India,IN,Present,Alien
81585,India,IN,Present,Alien
81586,India,IN,Present,Alien
81587,India,IN,Present,Alien
81588,India,IN,Present,Alien
81589,India,IN,Present,Alien
81590,India,IN,Present,Alien
81591,India,IN,Present,Alien
81592,India,IN,Present,Alien
81593,India,IN,Present,Alien
81594,India,IN,Present,Alien
81595,India,IN,Present,Alien
81596,India,IN,Present,Alien
81597,India,IN,Present,Alien
81598,India,IN,Present,Alien
81599,India,IN,Present,Alien
81600,India,IN,Present,Alien
81601,India,IN,Present,Alien
81602,India,IN,Present,Alien
81603,India,IN,Present,Alien
81604,India,IN,Present,Alien
81605,India,IN,Present,Alien
81606,India,IN,Present,Alien
81607,India,IN,Present,Alien
81608,India,IN,Present,Alien
81609,India,IN,Present,Alien
81610,India,IN,Present,Alien
81611,India,IN,Present,Alien
81612,India,IN,Present,Alien
81613,India,IN,Present,Alien
81614,India,IN,Present,Alien
81615,India,IN,Present,Alien
81616,India,IN,Present,Alien
81617,India,IN,Present,Alien
81618,India,IN,Present,Alien
81619,India,IN,Present,Alien
81620,India,IN,Present,Alien
81621,India,IN,Present,Alien
81622,India,IN,Present,Alien
81623,India,IN,Present,Alien
81624,India,IN,Present,Alien
81625,India,IN,Present,Alien
81626,India,IN,Present,Alien
81627,India,IN,Present,Alien
81628,India,IN,Present,Alien
81629,India,IN,Present,Alien
81630,India,IN,Present,Alien
81631,India,IN,Present,Alien
81632,India,IN,Present,Alien
81633,India,IN,Present,Alien
81634,India,IN,Present,Alien
81635,India,IN,Present,Alien
81636,India,IN,Present,Alien
81637,India,IN,Present,Alien
81638,India,IN,Present,Alien
81639,India,IN,Present,Alien
81640,India,IN,Present,Alien
81641,India,IN,Present,Alien
81642,India,IN,Present,Alien
81643,India,IN,Present,Alien
81644,India,IN,Present,Alien
81645,India,IN,Present,Alien
81646,India,IN,Present,Alien
81647,India,IN,Present,Alien
81648,India,IN,Present,Alien
81649,India,IN,Present,Alien
81650,India,IN,Present,Alien
81651,India,IN,Present,Alien
81652,India,IN,Present,Alien
81653,India,IN,Present,Alien
81654,India,IN,Present,Alien
81655,India,IN,Present,Alien
81656,India,IN,Present,Alien
81657,India,IN,Present,Alien
81658,India,IN,Present,Alien
81659,India,IN,Present,Alien
81660,India,IN,Present,Alien
81661,India,IN,Present,Alien
81662,India,IN,Present,Alien
81663,India,IN,Present,Alien
81664,India,IN,Present,Alien
81665,India,IN,Present,Alien
81666,India,IN,Present,Alien
81667,India,IN,Present,Alien
81668,India,IN,Present,Alien
81669,India,IN,Present,Alien
81670,India,IN,Present,Alien
81671,India,IN,Present,Alien
81672,India,IN,Present,Alien
81673,India,IN,Present,Alien
81674,India,IN,Present,Alien
81675,India,IN,Present,Alien
81676,India,IN,Present,Alien
81677,India,IN,Present,Alien
81678,India,IN,Present,Alien
81679,India,IN,Present,Alien
81680,India,IN,Present,Alien
81681,India,IN,Present,Alien
81682,India,IN,Present,Alien
81683,India,IN,Present,Alien
81684,India,IN,Present,Alien
81685,India,IN,Present,Alien
81686,India,IN,Present,Alien
81687,India,IN,Present,Alien
81688,India,IN,Present,Alien
81689,India,IN,Present,Alien
81690,India,IN,Present,Alien
81691,India,IN,Present,Alien
81692,India,IN,Present,Alien
81693,India,IN,Present,Alien
81694,India,IN,Present,Alien
81695,India,IN,Present,Alien
81696,India,IN,Present,Alien
81697,India,IN,Present,Alien
81698,India,IN,Present,Alien
81699,India,IN,Present,Alien
81700,India,IN,Present,Alien
81701,India,IN,Present,Alien
81702,India,IN,Present,Alien
81703,India,IN,Present,Alien
81704,India,IN,Present,Alien
81705,India,IN,Present,Alien
81706,India,IN,Present,Alien
81707,India,IN,Present,Alien
81708,India,IN,Present,Alien
81709,India,IN,Present,Alien
81710,India,IN,Present,Alien
81711,India,IN,Present,Alien
81712,India,IN,Present,Alien
81713,India,IN,Present,Alien
81714,India,IN,Present,Alien
81715,India,IN,Present,Alien
81716,India,IN,Present,Alien
81717,India,IN,Present,Alien
81718,India,IN,Present,Alien
81719,India,IN,Present,Alien
81720,India,IN,Present,Alien
81721,India,IN,Present,Alien
81722,India,IN,Present,Alien
81723,India,IN,Present,Alien
81724,India,IN,Present,Alien
81725,India,IN,Present,Alien
81726,India,IN,Present,Alien
81727,India,IN,Present,Alien
81728,India,IN,Present,Alien
81729,India,IN,Present,Alien
81730,India,IN,Present,Alien
81731,India,IN,Present,Alien
81732,India,IN,Present,Alien
81733,India,IN,Present,Alien
81734,India,IN,Present,Alien
81735,India,IN,Present,Alien
81736,India,IN,Present,Alien
81737,India,IN,Present,Alien
81738,India,IN,Present,Alien
81739,India,IN,Present,Alien
81740,India,IN,Present,Alien
81741,India,IN,Present,Alien
81742,India,IN,Present,Alien
81743,India,IN,Present,Alien
81744,India,IN,Present,Alien
81745,India,IN,Present,Alien
81746,India,IN,Present,Alien
81747,India,IN,Present,Alien
81748,India,IN,Present,Alien
81749,India,IN,Present,Alien
81750,India,IN,Present,Alien
81751,India,IN,Present,Alien
81752,India,IN,Present,Alien
81753,India,IN,Present,Alien
81754,India,IN,Present,Alien
81755,India,IN,Present,Alien
81756,India,IN,Present,Alien
81757,India,IN,Present,Alien
81758,India,IN,Present,Alien
81759,India,IN,Present,Alien
81760,India,IN,Present,Alien
81761,India,IN,Present,Alien
81762,India,IN,Present,Alien
81763,India,IN,Present,Alien
81764,India,IN,Present,Alien
81765,India,IN,Present,Alien
81766,India,IN,Present,Alien
81767,India,IN,Present,Alien
81768,India,IN,Present,Alien
81769,India,IN,Present,Alien
81770,India,IN,Present,Alien
81771,India,IN,Present,Alien
81772,India,IN,Present,Alien
81773,India,IN,Present,Alien
81774,India,IN,Present,Alien
81775,India,IN,Present,Alien
81776,India,IN,Present,Alien
81777,India,IN,Present,Alien
81778,India,IN,Present,Alien
81779,India,IN,Present,Alien
81780,India,IN,Present,Alien
81781,India,IN,Present,Alien
81782,India,IN,Present,Alien
81783,India,IN,Present,Alien
81784,India,IN,Present,Alien
81785,India,IN,Present,Alien
81786,India,IN,Present,Alien
81787,India,IN,Present,Alien
81788,India,IN,Present,Alien
81789,India,IN,Present,Alien
81790,India,IN,Present,Alien
81791,India,IN,Present,Alien
81792,India,IN,Present,Alien
81793,India,IN,Present,Alien
81794,India,IN,Present,Alien
81795,India,IN,Present,Alien
81796,India,IN,Present,Alien
81797,India,IN,Present,Alien
81798,India,IN,Present,Alien
81799,India,IN,Present,Alien
81800,India,IN,Present,Alien
81801,India,IN,Present,Alien
81802,India,IN,Present,Alien
81803,India,IN,Present,Alien
81804,India,IN,Present,Alien
81805,India,IN,Present,Alien
81806,India,IN,Present,Alien
81807,India,IN,Present,Alien
81808,India,IN,Present,Alien
81809,India,IN,Present,Alien
81810,India,IN,Present,Alien
81811,India,IN,Present,Alien
81812,India,IN,Present,Alien
81813,India,IN,Present,Alien
81814,India,IN,Present,Alien
81815,India,IN,Present,Alien
81816,India,IN,Present,Alien
81817,India,IN,Present,Alien
81818,India,IN,Present,Alien
81819,India,IN,Present,Alien
81820,India,IN,Present,Alien
81821,India,IN,Present,Alien
81822,India,IN,Present,Alien
81823,India,IN,Present,Alien
81824,India,IN,Present,Alien
81825,India,IN,Present,Alien
81826,India,IN,Present,Alien
81827,India,IN,Present,Alien
81828,India,IN,Present,Alien
81829,India,IN,Present,Alien
81830,India,IN,Present,Alien
81831,India,IN,Present,Alien
81832,India,IN,Present,Alien
81833,India,IN,Present,Alien
81834,India,IN,Present,Alien
81835,India,IN,Present,Alien
81836,India,IN,Present,Alien
81837,India,IN,Present,Alien
81838,India,IN,Present,Alien
81839,India,IN,Present,Alien
81840,India,IN,Present,Alien
81841,India,IN,Present,Alien
81842,India,IN,Present,Alien
81843,India,IN,Present,Alien
81844,India,IN,Present,Alien
81845,India,IN,Present,Alien
81846,India,IN,Present,Alien
81847,India,IN,Present,Alien
81848,India,IN,Present,Alien
81849,India,IN,Present,Alien
81850,India,IN,Present,Alien
81851,India,IN,Present,Alien
81852,India,IN,Present,Alien
81853,India,IN,Present,Alien
81854,India,IN,Present,Alien
81855,India,IN,Present,Alien
81856,India,IN,Present,Alien
81857,India,IN,Present,Alien
81858,India,IN,Present,Alien
81859,India,IN,Present,Alien
81860,India,IN,Present,Alien
81861,India,IN,Present,Alien
81862,India,IN,Present,Alien
81863,India,IN,Present,Alien
81864,India,IN,Present,Alien
81865,India,IN,Present,Alien
81866,India,IN,Present,Alien
81867,India,IN,Present,Alien
81868,India,IN,Present,Alien
81869,India,IN,Present,Alien
81870,India,IN,Present,Alien
81871,India,IN,Present,Alien
81872,India,IN,Present,Alien
81873,India,IN,Present,Alien
81874,India,IN,Present,Alien
81875,India,IN,Present,Alien
81876,India,IN,Present,Alien
81877,India,IN,Present,Alien
81878,India,IN,Present,Alien
81879,India,IN,Present,Alien
81880,India,IN,Present,Alien
81881,India,IN,Present,Alien
81882,India,IN,Present,Alien
81883,India,IN,Present,Alien
81884,India,IN,Present,Alien
81885,India,IN,Present,Alien
81886,India,IN,Present,Alien
81887,India,IN,Present,Alien
81888,India,IN,Present,Alien
81889,India,IN,Present,Alien
81890,India,IN,Present,Alien
81891,India,IN,Present,Alien
81892,India,IN,Present,Alien
81893,India,IN,Present,Alien
81894,India,IN,Present,Alien
81895,India,IN,Present,Alien
81896,India,IN,Present,Alien
81897,India,IN,Present,Alien
81898,India,IN,Present,Alien
81899,India,IN,Present,Alien
81900,India,IN,Present,Alien
81901,India,IN,Present,Alien
81902,India,IN,Present,Alien
81903,India,IN,Present,Alien
81904,India,IN,Present,Alien
81905,India,IN,Present,Alien
81906,India,IN,Present,Alien
81907,India,IN,Present,Alien
81908,India,IN,Present,Alien
81909,India,IN,Present,Alien
81910,India,IN,Present,Alien
81911,India,IN,Present,Alien
81912,India,IN,Present,Alien
81913,India,IN,Present,Alien
81914,India,IN,Present,Alien
81915,India,IN,Present,Alien
81916,India,IN,Present,Alien
81917,India,IN,Present,Alien
81918,India,IN,Present,Alien
81919,India,IN,Present,Alien
81920,India,IN,Present,Alien
81921,India,IN,Present,Alien
81922,India,IN,Present,Alien
81923,India,IN,Present,Alien
81924,India,IN,Present,Alien
81925,India,IN,Present,Alien
81926,India,IN,Present,Alien
81927,India,IN,Present,Alien
81928,India,IN,Present,Alien
81929,India,IN,Present,Alien
81930,India,IN,Present,Alien
81931,India,IN,Present,Alien
81932,India,IN,Present,Alien
81933,India,IN,Present,Alien
81934,India,IN,Present,Alien
81935,India,IN,Present,Alien
81936,India,IN,Present,Alien
81937,India,IN,Present,Alien
81938,India,IN,Present,Alien
81939,India,IN,Present,Alien
81940,India,IN,Present,Alien
81941,India,IN,Present,Alien
81942,India,IN,Present,Alien
81943,India,IN,Present,Alien
81944,India,IN,Present,Alien
81945,India,IN,Present,Alien
81946,India,IN,Present,Alien
81947,India,IN,Present,Alien
81948,India,IN,Present,Alien
81949,India,IN,Present,Alien
81950,India,IN,Present,Alien
81951,India,IN,Present,Alien
81952,India,IN,Present,Alien
81953,India,IN,Present,Alien
81954,India,IN,Present,Alien
81955,India,IN,Present,Alien
81956,India,IN,Present,Alien
81957,India,IN,Present,Alien
81958,India,IN,Present,Alien
81959,India,IN,Present,Alien
81960,India,IN,Present,Alien
81961,India,IN,Present,Alien
81962,India,IN,Present,Alien
81963,India,IN,Present,Alien
81964,India,IN,Present,Alien
81965,India,IN,Present,Alien
81966,India,IN,Present,Alien
81967,India,IN,Present,Alien
81968,India,IN,Present,Alien
81969,India,IN,Present,Alien
81970,India,IN,Present,Alien
81971,India,IN,Present,Alien
81972,India,IN,Present,Alien
81973,India,IN,Present,Alien
81974,India,IN,Present,Alien
81975,India,IN,Present,Alien
81976,India,IN,Present,Alien
81977,India,IN,Present,Alien
81978,India,IN,Present,Alien
81979,India,IN,Present,Alien
81980,India,IN,Present,Alien
81981,India,IN,Present,Alien
81982,India,IN,Present,Alien
81983,India,IN,Present,Alien
81984,India,IN,Present,Alien
81985,India,IN,Present,Alien
81986,India,IN,Present,Alien
81987,India,IN,Present,Alien
81988,India,IN,Present,Alien
81989,India,IN,Present,Alien
81990,India,IN,Present,Alien
81991,India,IN,Present,Alien
81992,India,IN,Present,Alien
81993,India,IN,Present,Alien
81994,India,IN,Present,Alien
81995,India,IN,Present,Alien
81996,India,IN,Present,Alien
81997,India,IN,Present,Alien
81998,India,IN,Present,Alien
81999,India,IN,Present,Alien
82000,India,IN,Present,Alien
82001,India,IN,Present,Alien
82002,India,IN,Present,Alien
82003,India,IN,Present,Alien
82004,India,IN,Present,Alien
82005,India,IN,Present,Alien
82006,India,IN,Present,Alien
82007,India,IN,Present,Alien
82008,India,IN,Present,Alien
82009,India,IN,Present,Alien
82010,India,IN,Present,Alien
82011,India,IN,Present,Alien
82012,India,IN,Present,Alien
82013,India,IN,Present,Alien
82014,India,IN,Present,Alien
82015,India,IN,Present,Alien
82016,India,IN,Present,Alien
82017,India,IN,Present,Alien
82018,India,IN,Present,Alien
82019,India,IN,Present,Alien
82020,India,IN,Present,Alien
82021,India,IN,Present,Alien
82022,India,IN,Present,Alien
82023,India,IN,Present,Alien
82024,India,IN,Present,Alien
82025,India,IN,Present,Alien
82026,India,IN,Present,Alien
82027,India,IN,Present,Alien
82028,India,IN,Present,Alien
82029,India,IN,Present,Alien
82030,India,IN,Present,Alien
82031,India,IN,Present,Alien
82032,India,IN,Present,Alien
82033,India,IN,Present,Alien
82034,India,IN,Present,Alien
82035,India,IN,Present,Alien
82036,India,IN,Present,Alien
82037,India,IN,Present,Alien
82038,India,IN,Present,Alien
82039,India,IN,Present,Alien
82040,India,IN,Present,Alien
82041,India,IN,Present,Alien
82042,India,IN,Present,Alien
82043,India,IN,Present,Alien
82044,India,IN,Present,Alien
82045,India,IN,Present,Alien
82046,India,IN,Present,Alien
82047,India,IN,Present,Alien
82048,India,IN,Present,Alien
82049,India,IN,Present,Alien
82050,India,IN,Present,Alien
82051,India,IN,Present,Alien
82052,India,IN,Present,Alien
82053,India,IN,Present,Alien
82054,India,IN,Present,Alien
82055,India,IN,Present,Alien
82056,India,IN,Present,Alien
82057,India,IN,Present,Alien
82058,India,IN,Present,Alien
82059,India,IN,Present,Alien
82060,India,IN,Present,Alien
82061,India,IN,Present,Alien
82062,India,IN,Present,Alien
82063,India,IN,Present,Alien
82064,India,IN,Present,Alien
82065,India,IN,Present,Alien
82066,India,IN,Present,Alien
82067,India,IN,Present,Alien
82068,India,IN,Present,Alien
82069,India,IN,Present,Alien
82070,India,IN,Present,Alien
82071,India,IN,Present,Alien
82072,India,IN,Present,Alien
82073,India,IN,Present,Alien
82074,India,IN,Present,Alien
82075,India,IN,Present,Alien
82076,India,IN,Present,Alien
82077,India,IN,Present,Alien
82078,India,IN,Present,Alien
82079,India,IN,Present,Alien
82080,India,IN,Present,Alien
82081,India,IN,Present,Alien
82082,India,IN,Present,Alien
82083,India,IN,Present,Alien
82084,India,IN,Present,Alien
82085,India,IN,Present,Alien
82086,India,IN,Present,Alien
82087,India,IN,Present,Alien
82088,India,IN,Present,Alien
82089,India,IN,Present,Alien
82090,India,IN,Present,Alien
82091,India,IN,Present,Alien
82092,India,IN,Present,Alien
82093,India,IN,Present,Alien
82094,India,IN,Present,Alien
82095,India,IN,Present,Alien
82096,India,IN,Present,Alien
82097,India,IN,Present,Alien
82098,India,IN,Present,Alien
82099,India,IN,Present,Alien
82100,India,IN,Present,Alien
82101,India,IN,Present,Alien
82102,India,IN,Present,Alien
82103,India,IN,Present,Alien
82104,India,IN,Present,Alien
82105,India,IN,Present,Alien
82106,India,IN,Present,Alien
82107,India,IN,Present,Alien
82108,India,IN,Present,Alien
82109,India,IN,Present,Alien
82110,India,IN,Present,Alien
82111,India,IN,Present,Alien
82112,India,IN,Present,Alien
82113,India,IN,Present,Alien
82114,India,IN,Present,Alien
82115,India,IN,Present,Alien
82116,India,IN,Present,Alien
82117,India,IN,Present,Alien
82118,India,IN,Present,Alien
82119,India,IN,Present,Cryptogenic|Uncertain
82120,India,IN,Present,Alien
82121,India,IN,Present,Alien
82122,India,IN,Present,Alien
82123,India,IN,Present,Alien
82124,India,IN,Present,Alien
82125,India,IN,Present,Alien
82126,India,IN,Present,Alien
82127,India,IN,Present,Alien
82128,India,IN,Present,Alien
82129,India,IN,Present,Alien
82130,India,IN,Present,Alien
82131,India,IN,Present,Cryptogenic|Uncertain
82132,India,IN,Present,Alien
82133,India,IN,Present,Alien
82134,India,IN,Present,Alien
82135,India,IN,Present,Alien
82136,India,IN,Present,Alien
82137,India,IN,Present,Alien
82138,India,IN,Present,Alien
82139,India,IN,Present,Alien
82140,India,IN,Present,Alien
82141,India,IN,Present,Alien
82142,India,IN,Present,Alien
82143,India,IN,Present,Alien
82144,India,IN,Present,Alien
82145,India,IN,Present,Alien
82146,India,IN,Present,Alien
82147,India,IN,Present,Alien
82148,India,IN,Present,Alien
82149,India,IN,Present,Alien
82150,India,IN,Present,Alien
82151,India,IN,Present,Alien
82152,India,IN,Present,Alien
82153,India,IN,Present,Alien
82154,India,IN,Present,Alien
82155,India,IN,Present,Alien
82156,India,IN,Present,Alien
82157,India,IN,Present,Alien
82158,India,IN,Present,Alien
82159,India,IN,Present,Alien
82160,India,IN,Present,Alien
82161,India,IN,Present,Alien
82162,India,IN,Present,Alien
82163,India,IN,Present,Alien
82164,India,IN,Present,Alien
82165,India,IN,Present,Alien
82166,India,IN,Present,Alien
82167,India,IN,Present,Alien
82168,India,IN,Present,Alien
82169,India,IN,Present,Alien
82170,India,IN,Present,Alien
82171,India,IN,Present,Alien
82172,India,IN,Present,Alien
82173,India,IN,Present,Alien
82174,India,IN,Present,Alien
82175,India,IN,Present,Alien
82176,India,IN,Present,Alien
82177,India,IN,Present,Alien
82178,India,IN,Present,Alien
82179,India,IN,Present,Alien
82180,India,IN,Present,Alien
82181,India,IN,Present,Alien
82182,India,IN,Present,Alien
82183,India,IN,Present,Alien
82184,India,IN,Present,Alien
82185,India,IN,Present,Alien
82186,India,IN,Present,Alien
82187,India,IN,Present,Alien
82188,India,IN,Present,Alien
82189,India,IN,Present,Alien
82190,India,IN,Present,Alien
82191,India,IN,Present,Alien
82192,India,IN,Present,Alien
82193,India,IN,Present,Alien
82194,India,IN,Present,Alien
82195,India,IN,Present,Alien
82196,India,IN,Present,Alien
82197,India,IN,Present,Alien
82198,India,IN,Present,Cryptogenic|Uncertain
82199,India,IN,Present,Alien
82200,India,IN,Present,Alien
82201,India,IN,Present,Alien
82202,India,IN,Present,Alien
82203,India,IN,Present,Alien
82204,India,IN,Present,Alien
82205,India,IN,Present,Alien
82206,India,IN,Present,Alien
82207,India,IN,Present,Alien
82208,India,IN,Present,Alien
82209,India,IN,Present,Alien
82210,India,IN,Present,Alien
82211,India,IN,Present,Alien
82212,India,IN,Present,Alien
82213,India,IN,Present,Alien
82214,India,IN,Present,Alien
82215,India,IN,Present,Alien
82216,India,IN,Present,Alien
82217,India,IN,Present,Alien
82218,India,IN,Present,Alien
82219,India,IN,Present,Alien
82220,India,IN,Present,Alien
82221,India,IN,Present,Alien
82222,India,IN,Present,Alien
82223,India,IN,Present,Alien
82224,India,IN,Present,Alien
82225,India,IN,Present,Alien
82226,India,IN,Present,Alien
82227,India,IN,Present,Alien
82228,India,IN,Present,Alien
82229,India,IN,Present,Alien
82230,India,IN,Present,Alien
82231,India,IN,Present,Alien
82232,India,IN,Present,Alien
82233,India,IN,Present,Alien
82234,India,IN,Present,Alien
82235,India,IN,Present,Alien
82236,India,IN,Present,Alien
82237,India,IN,Present,Alien
82238,India,IN,Present,Alien
82239,India,IN,Present,Alien
82240,India,IN,Present,Alien
82241,India,IN,Present,Alien
82242,India,IN,Present,Cryptogenic|Uncertain
82243,India,IN,Present,Alien
82244,India,IN,Present,Alien
82245,India,IN,Present,Alien
82246,India,IN,Present,Alien
82247,India,IN,Present,Alien
82248,India,IN,Present,Alien
82249,India,IN,Present,Alien
82250,India,IN,Present,Alien
82251,India,IN,Present,Alien
82252,India,IN,Present,Alien
82253,India,IN,Present,Alien
82254,India,IN,Present,Alien
82255,India,IN,Present,Alien
82256,India,IN,Present,Alien
82257,India,IN,Present,Alien
82258,India,IN,Present,Alien
82259,India,IN,Present,Alien
82260,India,IN,Present,Alien
82261,India,IN,Present,Alien
82262,India,IN,Present,Alien
82263,India,IN,Present,Alien
82264,India,IN,Present,Alien
82265,India,IN,Present,Alien
82266,India,IN,Present,Alien
82267,India,IN,Present,Alien
82268,India,IN,Present,Alien
82269,India,IN,Present,Alien
82270,India,IN,Present,Alien
82271,India,IN,Present,Alien
82272,India,IN,Present,Alien
82273,India,IN,Present,Alien
82274,India,IN,Present,Alien
82275,India,IN,Present,Alien
82276,India,IN,Present,Alien
82277,India,IN,Present,Alien
82278,India,IN,Present,Alien
82279,India,IN,Present,Alien
82280,India,IN,Present,Alien
82281,India,IN,Present,Alien
82282,India,IN,Present,Alien
82283,India,IN,Present,Alien
82284,India,IN,Present,Alien
82285,India,IN,Present,Alien
82286,India,IN,Present,Alien
82287,India,IN,Present,Alien
82288,India,IN,Present,Alien
82289,India,IN,Present,Alien
82290,India,IN,Present,Alien
82291,India,IN,Present,Alien
82292,India,IN,Present,Alien
82293,India,IN,Present,Alien
82294,India,IN,Present,Alien
82295,India,IN,Present,Alien
82296,India,IN,Present,Alien
82297,India,IN,Present,Alien
82298,India,IN,Present,Alien
82299,India,IN,Present,Alien
82300,India,IN,Present,Alien
82301,India,IN,Present,Alien
82302,India,IN,Present,Alien
82303,India,IN,Present,Alien
82304,India,IN,Present,Alien
82305,India,IN,Present,Alien
82306,India,IN,Present,Alien
82307,India,IN,Present,Alien
82308,India,IN,Present,Alien
82309,India,IN,Present,Alien
82310,India,IN,Present,Alien
82311,India,IN,Present,Alien
82312,India,IN,Present,Alien
82313,India,IN,Present,Alien
82314,India,IN,Present,Alien
82315,India,IN,Present,Alien
82316,India,IN,Present,Alien
82317,India,IN,Present,Alien
82318,India,IN,Present,Alien
82319,India,IN,Present,Alien
82320,India,IN,Present,Alien
82321,India,IN,Present,Alien
82322,India,IN,Present,Alien
82323,India,IN,Present,Alien
82324,India,IN,Present,Alien
82325,India,IN,Present,Alien
82326,India,IN,Present,Alien
82327,India,IN,Present,Alien
82328,India,IN,Present,Alien
82329,India,IN,Present,Alien
82330,India,IN,Present,Alien
82331,India,IN,Present,Alien
82332,India,IN,Present,Alien
82333,India,IN,Present,Alien
82334,India,IN,Present,Alien
82335,India,IN,Present,Alien
82336,India,IN,Present,Alien
82337,India,IN,Present,Alien
82338,India,IN,Present,Alien
82339,India,IN,Present,Alien
82340,India,IN,Present,Alien
82341,India,IN,Present,Alien
82342,India,IN,Present,Alien
82343,India,IN,Present,Alien
82344,India,IN,Present,Alien
82345,India,IN,Present,Alien
82346,India,IN,Present,Alien
82347,India,IN,Present,Alien
82348,India,IN,Present,Alien
82349,India,IN,Present,Alien
82350,India,IN,Present,Alien
82351,India,IN,Present,Alien
82352,India,IN,Present,Alien
82353,India,IN,Present,Alien
82354,India,IN,Present,Alien
82355,India,IN,Present,Alien
82356,India,IN,Present,Alien
82357,India,IN,Present,Alien
82358,India,IN,Present,Alien
82359,India,IN,Present,Alien
82360,India,IN,Present,Alien
82361,India,IN,Present,Alien
82362,India,IN,Present,Alien
82363,India,IN,Present,Alien
82364,India,IN,Present,Alien
82365,India,IN,Present,Alien
82366,India,IN,Present,Alien
82367,India,IN,Present,Alien
82368,India,IN,Present,Alien
82369,India,IN,Present,Alien
82370,India,IN,Present,Alien
82371,India,IN,Present,Alien
82372,India,IN,Present,Alien
82373,India,IN,Present,Alien
82374,India,IN,Present,Alien
82375,India,IN,Present,Alien
82376,India,IN,Present,Alien
82377,India,IN,Present,Alien
82378,India,IN,Present,Alien
82379,India,IN,Present,Alien
82380,India,IN,Present,Alien
82381,India,IN,Present,Alien
82382,India,IN,Present,Alien
82383,India,IN,Present,Alien
82384,India,IN,Present,Alien
82385,India,IN,Present,Alien
82386,India,IN,Present,Alien
82387,India,IN,Present,Alien
82388,India,IN,Present,Alien
82389,India,IN,Present,Alien
82390,India,IN,Present,Alien
82391,India,IN,Present,Alien
82392,India,IN,Present,Alien
82393,India,IN,Present,Alien
82394,India,IN,Present,Alien
82395,India,IN,Present,Alien
82396,India,IN,Present,Alien
82397,India,IN,Present,Alien
82398,India,IN,Present,Alien
82399,India,IN,Present,Alien
82400,India,IN,Present,Alien
82401,India,IN,Present,Alien
82402,India,IN,Present,Alien
82403,India,IN,Present,Alien
82404,India,IN,Present,Alien
82405,India,IN,Present,Alien
82406,India,IN,Present,Alien
82407,India,IN,Present,Alien
82408,India,IN,Present,Alien
82409,India,IN,Present,Alien
82410,India,IN,Present,Alien
82411,India,IN,Present,Alien
82412,India,IN,Present,Alien
82413,India,IN,Present,Alien
82414,India,IN,Present,Alien
82415,India,IN,Present,Alien
82416,India,IN,Present,Alien
82417,India,IN,Present,Alien
82418,India,IN,Present,Alien
82419,India,IN,Present,Alien
82420,India,IN,Present,Alien
82421,India,IN,Present,Alien
82422,India,IN,Present,Alien
82423,India,IN,Present,Alien
82424,India,IN,Present,Alien
82425,India,IN,Present,Alien
82426,India,IN,Present,Alien
82427,India,IN,Present,Alien
82428,India,IN,Present,Alien
82429,India,IN,Present,Alien
82430,India,IN,Present,Alien
82431,India,IN,Present,Alien
82432,India,IN,Present,Alien
82433,India,IN,Present,Alien
82434,India,IN,Present,Alien
82435,India,IN,Present,Alien
82436,India,IN,Present,Alien
82437,India,IN,Present,Alien
82438,India,IN,Present,Alien
82439,India,IN,Present,Alien
82440,India,IN,Present,Alien
82441,India,IN,Present,Alien
82442,India,IN,Present,Alien
82443,India,IN,Present,Alien
82444,India,IN,Present,Alien
82445,India,IN,Present,Alien
82446,India,IN,Present,Alien
82447,India,IN,Present,Alien
82448,India,IN,Present,Alien
82449,India,IN,Present,Alien
82450,India,IN,Present,Alien
82451,India,IN,Present,Alien
82452,India,IN,Present,Alien
82453,India,IN,Present,Alien
82454,India,IN,Present,Alien
82455,India,IN,Present,Alien
82456,India,IN,Present,Alien
82457,India,IN,Present,Alien
82458,India,IN,Present,Alien
82459,India,IN,Present,Alien
82460,India,IN,Present,Alien
82461,India,IN,Present,Alien
82462,India,IN,Present,Alien
82463,India,IN,Present,Alien
82464,India,IN,Present,Alien
82465,India,IN,Present,Alien
82466,India,IN,Present,Alien
82467,India,IN,Present,Alien
82468,India,IN,Present,Alien
82469,India,IN,Present,Alien
82470,India,IN,Present,Alien
82471,India,IN,Present,Alien
82472,India,IN,Present,Alien
82473,India,IN,Present,Alien
82474,India,IN,Present,Alien
82475,India,IN,Present,Alien
82476,India,IN,Present,Alien
82477,India,IN,Present,Alien
82478,India,IN,Present,Alien
82479,India,IN,Present,Alien
82480,India,IN,Present,Alien
82481,India,IN,Present,Alien
82482,India,IN,Present,Alien
82483,India,IN,Present,Alien
82484,India,IN,Present,Alien
82485,India,IN,Present,Alien
82486,India,IN,Present,Alien
82487,India,IN,Present,Alien
82488,India,IN,Present,Alien
82489,India,IN,Present,Alien
82490,India,IN,Present,Alien
82491,India,IN,Present,Alien
82492,India,IN,Present,Alien
82493,India,IN,Present,Alien
82494,India,IN,Present,Alien
82495,India,IN,Present,Alien
82496,India,IN,Present,Alien
82497,India,IN,Present,Alien
82498,India,IN,Present,Alien
82499,India,IN,Present,Alien
82500,India,IN,Present,Alien
82501,India,IN,Present,Alien
82502,India,IN,Present,Alien
82503,India,IN,Present,Alien
82504,India,IN,Present,Alien
82505,India,IN,Present,Alien
82506,India,IN,Present,Alien
82507,India,IN,Present,Alien
82508,India,IN,Present,Alien
82509,India,IN,Present,Alien
82510,India,IN,Present,Alien
82511,India,IN,Present,Alien
82512,India,IN,Present,Alien
82513,India,IN,Present,Alien
82514,India,IN,Present,Alien
82515,India,IN,Present,Alien
82516,India,IN,Present,Alien
82517,India,IN,Present,Alien
82518,India,IN,Present,Alien
82519,India,IN,Present,Alien
82520,India,IN,Present,Alien
82521,India,IN,Present,Alien
82522,India,IN,Present,Alien
82523,India,IN,Present,Alien
82524,India,IN,Present,Alien
82525,India,IN,Present,Alien
82526,India,IN,Present,Alien
82527,India,IN,Present,Alien
82528,India,IN,Present,Alien
82529,India,IN,Present,Alien
82530,India,IN,Present,Alien
82531,India,IN,Present,Alien
82532,India,IN,Present,Alien
82533,India,IN,Present,Alien
82534,India,IN,Present,Alien
82535,India,IN,Present,Alien
82536,India,IN,Present,Alien
82537,India,IN,Present,Alien
82538,India,IN,Present,Alien
82539,India,IN,Present,Alien
82540,India,IN,Present,Alien
82541,India,IN,Present,Alien
82542,India,IN,Present,Alien
82543,India,IN,Present,Alien
82544,India,IN,Present,Alien
82545,India,IN,Present,Alien
82546,India,IN,Present,Alien
82547,India,IN,Present,Alien
82548,India,IN,Present,Alien
82549,India,IN,Present,Alien
82550,India,IN,Present,Alien
82551,India,IN,Present,Alien
82552,India,IN,Present,Alien
82553,India,IN,Present,Alien
82554,India,IN,Present,Alien
82555,India,IN,Present,Alien
82556,India,IN,Present,Alien
82557,India,IN,Present,Alien
82558,India,IN,Present,Alien
82559,India,IN,Present,Alien
82560,India,IN,Present,Alien
82561,India,IN,Present,Alien
82562,India,IN,Present,Alien
82563,India,IN,Present,Alien
82564,India,IN,Present,Alien
82565,India,IN,Present,Alien
82566,India,IN,Present,Alien
82567,India,IN,Present,Alien
82568,India,IN,Present,Alien
82569,India,IN,Present,Alien
82570,India,IN,Present,Alien
82571,India,IN,Present,Alien
82572,India,IN,Present,Alien
82573,India,IN,Present,Alien
82574,India,IN,Present,Alien
82575,India,IN,Present,Alien
82576,India,IN,Present,Alien
82577,India,IN,Present,Alien
82578,India,IN,Present,Alien
82579,India,IN,Present,Alien
82580,India,IN,Present,Alien
82581,India,IN,Present,Alien
82582,India,IN,Present,Alien
82583,India,IN,Present,Alien
82584,India,IN,Present,Alien
82585,India,IN,Present,Alien
82586,India,IN,Present,Alien
82587,India,IN,Present,Alien
82588,India,IN,Present,Alien
82589,India,IN,Present,Alien
82590,India,IN,Present,Alien
82591,India,IN,Present,Alien
82592,India,IN,Present,Alien
82593,India,IN,Present,Alien
82594,India,IN,Present,Alien
82595,India,IN,Present,Alien
82596,India,IN,Present,Alien
82597,India,IN,Present,Alien
82598,India,IN,Present,Alien
82599,India,IN,Present,Alien
82600,India,IN,Present,Alien
82601,India,IN,Present,Alien
82602,India,IN,Present,Alien
82603,India,IN,Present,Alien
82604,India,IN,Present,Alien
82605,India,IN,Present,Alien
82606,India,IN,Present,Alien
82607,India,IN,Present,Alien
82608,India,IN,Present,Alien
82609,India,IN,Present,Alien
82610,India,IN,Present,Alien
82611,India,IN,Present,Alien
82612,India,IN,Present,Alien
82613,India,IN,Present,Alien
82614,India,IN,Present,Alien
82615,India,IN,Present,Alien
82616,India,IN,Present,Alien
82617,India,IN,Present,Alien
82618,India,IN,Present,Alien
82619,India,IN,Present,Alien
82620,India,IN,Present,Alien
82621,India,IN,Present,Alien
82622,India,IN,Present,Alien
82623,India,IN,Present,Alien
82624,India,IN,Present,Alien
82625,India,IN,Present,Alien
82626,India,IN,Present,Alien
82627,India,IN,Present,Alien
82628,India,IN,Present,Alien
82629,India,IN,Present,Alien
82630,India,IN,Present,Alien
82631,India,IN,Present,Alien
82632,India,IN,Present,Alien
82633,India,IN,Present,Alien
82634,India,IN,Present,Alien
82635,India,IN,Present,Alien
82636,India,IN,Present,Alien
82637,India,IN,Present,Alien
82638,India,IN,Present,Alien
82639,India,IN,Present,Alien
82640,India,IN,Present,Alien
82641,India,IN,Present,Alien
82642,India,IN,Present,Alien
82643,India,IN,Present,Alien
82644,India,IN,Present,Alien
82645,India,IN,Present,Alien
82646,India,IN,Present,Alien
82647,India,IN,Present,Alien
82648,India,IN,Present,Alien
82649,India,IN,Present,Alien
82650,India,IN,Present,Alien
82651,India,IN,Present,Alien
82652,India,IN,Present,Alien
82653,India,IN,Present,Alien
82654,India,IN,Present,Alien
82655,India,IN,Present,Alien
82656,India,IN,Present,Alien
82657,India,IN,Present,Alien
82658,India,IN,Present,Alien
82659,India,IN,Present,Alien
82660,India,IN,Present,Alien
82661,India,IN,Present,Alien
82662,India,IN,Present,Alien
82663,India,IN,Present,Alien
82664,India,IN,Present,Alien
82665,India,IN,Present,Alien
82666,India,IN,Present,Alien
82667,India,IN,Present,Alien
82668,India,IN,Present,Alien
82669,India,IN,Present,Alien
82670,India,IN,Present,Alien
82671,India,IN,Present,Alien
82672,India,IN,Present,Alien
82673,India,IN,Present,Alien
82674,India,IN,Present,Alien
82675,India,IN,Present,Alien
