id,isInvasive,habitat
80500,Null,Terrestrial
80501,Null,Terrestrial
80502,Null,Terrestrial
80503,Null,Terrestrial
80504,Null,Terrestrial
80505,Null,Terrestrial
80506,Null,Terrestrial
80507,Null,Terrestrial
80508,Null,Terrestrial
80509,Invasive,Terrestrial
80510,Null,Terrestrial
80511,Null,Terrestrial
80512,Null,Terrestrial
80513,Null,Terrestrial
80514,Null,Terrestrial
80515,Null,Terrestrial
80516,Null,Terrestrial
80517,Null,Terrestrial
80518,Invasive,Terrestrial
80519,Invasive,Terrestrial
80520,Null,Terrestrial
80521,Null,Terrestrial
80522,Null,Terrestrial
80523,Null,Terrestrial
80524,Null,Terrestrial
80525,Null,Terrestrial
80526,Null,Terrestrial
80527,Null,Terrestrial
80528,Null,Terrestrial
80529,Null,Terrestrial
80530,Null,Terrestrial
80531,Null,Terrestrial
80532,Null,Terrestrial
80533,Null,Terrestrial
80534,Null,Terrestrial
80535,Null,Terrestrial
80536,Invasive,Terrestrial
80537,Null,Terrestrial
80538,Null,Terrestrial
80539,Null,Marine
80540,Null,Marine
80541,Invasive,Terrestrial
80542,Null,Terrestrial
80543,Null,Terrestrial
80544,Null,Terrestrial
80545,Null,Terrestrial
80546,Null,Terrestrial
80547,Null,Terrestrial
80548,Null,Terrestrial
80549,Null,Terrestrial
80550,Invasive,Terrestrial
80551,Null,Terrestrial
80552,Null,Terrestrial
80553,Null,Host
80554,Null,Terrestrial
80555,Null,Terrestrial
80556,Null,Terrestrial|Freshwater
80557,Null,Terrestrial
80558,Invasive,Terrestrial
80559,Invasive,Terrestrial
80560,Null,Terrestrial
80561,Null,Terrestrial
80562,Null,Terrestrial
80563,Null,Terrestrial
80564,Null,Terrestrial
80565,Null,Terrestrial
80566,Null,Terrestrial
80567,Null,Terrestrial
80568,Null,Terrestrial
80569,Null,Terrestrial
80570,Invasive,Terrestrial
80571,Null,Terrestrial
80572,Invasive,Terrestrial
80573,Invasive,Terrestrial
80574,Invasive,Terrestrial
80575,Null,Terrestrial
80576,Null,Terrestrial
80577,Null,Terrestrial
80578,Null,Terrestrial
80579,Invasive,Terrestrial
80580,Null,Terrestrial
80581,Null,Terrestrial
80582,Null,Terrestrial
80583,Null,Terrestrial
80584,Null,Terrestrial
80585,Null,Terrestrial
80586,Null,Marine
80587,Null,Freshwater
80588,Null,Freshwater
80589,Null,Terrestrial
80590,Null,Terrestrial
80591,Null,Terrestrial
80592,Null,Terrestrial
80593,Null,Terrestrial
80594,Null,Terrestrial
80595,Null,Terrestrial
80596,Null,Terrestrial
80597,Null,Terrestrial|Freshwater
80598,Null,Terrestrial
80599,Null,Terrestrial
80600,Null,Terrestrial
80601,Null,Terrestrial
80602,Null,Terrestrial
80603,Null,Terrestrial
80604,Null,Terrestrial
80605,Null,Terrestrial
80606,Null,Terrestrial
80607,Invasive,Terrestrial
80608,Invasive,Terrestrial
80609,Null,Terrestrial
80610,Invasive,Terrestrial
80611,Invasive,Terrestrial
80612,Invasive,Terrestrial
80613,Invasive,Terrestrial
80614,Invasive,Terrestrial
80615,Null,Terrestrial
80616,Null,Terrestrial
80617,Null,Terrestrial
80618,Null,Terrestrial
80619,Invasive,Terrestrial
80620,Null,Terrestrial
80621,Null,Terrestrial
80622,Invasive,Terrestrial
80623,Null,Terrestrial
80624,Null,Terrestrial
80625,Null,Terrestrial
80626,Invasive,Terrestrial
80627,Null,Terrestrial
80628,Null,Terrestrial
80629,Null,Terrestrial
80630,Null,Freshwater
80631,Null,Terrestrial
80632,Null,Terrestrial
80633,Null,Terrestrial
80634,Null,Terrestrial
80635,Null,Terrestrial
80636,Null,Terrestrial
80637,Null,Terrestrial
80638,Null,Terrestrial
80639,Null,Terrestrial
80640,Null,Terrestrial
80641,Null,Terrestrial
80642,Null,Terrestrial
80643,Null,Terrestrial
80644,Null,Terrestrial
80645,Null,Terrestrial
80646,Null,Terrestrial
80647,Invasive,Terrestrial
80648,Null,Terrestrial
80649,Null,Terrestrial
80650,Null,Terrestrial
80651,Null,Terrestrial
80652,Null,Terrestrial
80653,Invasive,Terrestrial
80654,Null,Terrestrial
80655,Null,Terrestrial
80656,Invasive,Terrestrial
80657,Null,Terrestrial
80658,Null,Terrestrial
80659,Null,Terrestrial
80660,Invasive,Terrestrial
80661,Null,Terrestrial
80662,Null,Terrestrial
80663,Null,Terrestrial
80664,Null,Terrestrial
80665,Null,Terrestrial
80666,Null,Terrestrial
80667,Null,Terrestrial
80668,Null,Terrestrial
80669,Null,Terrestrial
80670,Null,Terrestrial
80671,Null,Terrestrial
80672,Null,Terrestrial
80673,Null,Terrestrial
80674,Null,Terrestrial
80675,Null,Terrestrial
80676,Null,Terrestrial
80677,Null,Terrestrial
80678,Null,Terrestrial
80679,Null,Terrestrial
80680,Null,Terrestrial
80681,Null,Terrestrial
80682,Null,Terrestrial
80683,Null,Terrestrial
80684,Null,Terrestrial
80685,Null,Terrestrial
80686,Null,Terrestrial
80687,Invasive,Terrestrial
80688,Invasive,Terrestrial
80689,Null,Terrestrial
80690,Null,Terrestrial
80691,Invasive,Terrestrial
80692,Null,Terrestrial
80693,Null,Terrestrial
80694,Null,Terrestrial
80695,Null,Terrestrial
80696,Null,Terrestrial
80697,Null,Terrestrial
80698,Null,Terrestrial
80699,Null,Terrestrial
80700,Null,Terrestrial
80701,Null,Terrestrial
80702,Null,Terrestrial
80703,Null,Marine
80704,Invasive,Terrestrial
80705,Null,Terrestrial
80706,Invasive,Terrestrial
80707,Null,Terrestrial
80708,Null,Terrestrial
80709,Null,Terrestrial
80710,Null,Terrestrial
80711,Null,Terrestrial
80712,Null,Terrestrial
80713,Null,Terrestrial
80714,Null,Terrestrial
80715,Null,Terrestrial
80716,Null,Terrestrial
80717,Null,Terrestrial
80718,Null,Terrestrial
80719,Invasive,Terrestrial
80720,Invasive,Terrestrial
80721,Null,Terrestrial
80722,Null,Terrestrial
80723,Null,Terrestrial
80724,Null,Freshwater
80725,Null,Terrestrial
80726,Null,Terrestrial
80727,Null,Terrestrial
80728,Null,Terrestrial
80729,Null,Terrestrial
80730,Null,Terrestrial
80731,Null,Terrestrial
80732,Null,Terrestrial
80733,Null,Terrestrial
80734,Null,Terrestrial
80735,Null,Terrestrial
80736,Null,Terrestrial
80737,Null,Freshwater
80738,Null,Terrestrial
80739,Null,Terrestrial
80740,Null,Host
80741,Null,Terrestrial
80742,Null,Terrestrial
80743,Null,Terrestrial
80744,Null,Terrestrial
80745,Null,Terrestrial
80746,Null,Terrestrial
80747,Null,Terrestrial
80748,Null,Terrestrial
80749,Null,Terrestrial
80750,Null,Terrestrial
80751,Null,Terrestrial
80752,Null,Terrestrial
80753,Null,Terrestrial
80754,Null,Terrestrial
80755,Null,Terrestrial
80756,Null,Terrestrial
80757,Invasive,Terrestrial
80758,Null,Terrestrial
80759,Invasive,Terrestrial
80760,Null,Terrestrial
80761,Null,Terrestrial
80762,Null,Terrestrial
80763,Null,Terrestrial
80764,Null,Terrestrial
80765,Null,Terrestrial
80766,Null,Terrestrial
80767,Null,Terrestrial
80768,Invasive,Terrestrial
80769,Null,Terrestrial
80770,Invasive,Terrestrial
80771,Invasive,Terrestrial
80772,Null,Terrestrial
80773,Null,Terrestrial
80774,Null,Terrestrial
80775,Null,Terrestrial
80776,Null,Terrestrial
80777,Null,Terrestrial
80778,Null,Terrestrial
80779,Null,Terrestrial
80780,Invasive,Terrestrial
80781,Null,Terrestrial
80782,Null,Terrestrial
80783,Null,Terrestrial
80784,Null,Terrestrial
80785,Null,Terrestrial
80786,Null,Terrestrial
80787,Null,Terrestrial
80788,Null,Terrestrial
80789,Null,Terrestrial
80790,Null,Terrestrial
80791,Null,Terrestrial
80792,Null,Terrestrial
80793,Null,Terrestrial
80794,Invasive,Terrestrial
80795,Null,Terrestrial
80796,Invasive,Terrestrial
80797,Null,Terrestrial
80798,Invasive,Terrestrial
80799,Null,Terrestrial
80800,Null,Terrestrial
80801,Null,Terrestrial
80802,Null,Terrestrial
80803,Null,Terrestrial
80804,Null,Terrestrial
80805,Null,Terrestrial
80806,Invasive,Terrestrial
80807,Null,Terrestrial
80808,Null,Terrestrial
80809,Null,Terrestrial
80810,Null,Terrestrial
80811,Null,Terrestrial
80812,Null,Terrestrial
80813,Null,Terrestrial
80814,Null,Terrestrial
80815,Null,Terrestrial
80816,Null,Terrestrial|Freshwater
80817,Invasive,Terrestrial
80818,Null,Terrestrial
80819,Null,Terrestrial
80820,Null,Terrestrial
80821,Null,Freshwater
80822,Null,Terrestrial
80823,Null,Terrestrial
80824,Invasive,Freshwater
80825,Null,Freshwater
80826,Null,Terrestrial
80827,Null,Terrestrial
80828,Null,Terrestrial
80829,Null,Terrestrial
80830,Null,Terrestrial
80831,Null,Terrestrial
80832,Invasive,Terrestrial
80833,Null,Terrestrial
80834,Null,Terrestrial
80835,Null,Terrestrial
80836,Invasive,Terrestrial
80837,Null,Terrestrial
80838,Null,Terrestrial
80839,Null,Terrestrial
80840,Null,Terrestrial
80841,Null,Terrestrial
80842,Null,Terrestrial
80843,Null,Terrestrial
80844,Null,Terrestrial
80845,Null,Terrestrial
80846,Null,Terrestrial
80847,Null,Terrestrial
80848,Null,Terrestrial
80849,Null,Terrestrial
80850,Null,Terrestrial
80851,Null,Terrestrial
80852,Null,Terrestrial
80853,Null,Terrestrial
80854,Null,Terrestrial
80855,Null,Terrestrial
80856,Null,Terrestrial
80857,Null,Terrestrial
80858,Null,Terrestrial
80859,Invasive,Terrestrial
80860,Null,Terrestrial
80861,Null,Terrestrial
80862,Null,Terrestrial
80863,Null,Terrestrial
80864,Null,Terrestrial
80865,Null,Terrestrial
80866,Null,Terrestrial
80867,Null,Terrestrial
80868,Null,Terrestrial
80869,Null,Terrestrial
80870,Null,Terrestrial
80871,Null,Terrestrial
80872,Invasive,Terrestrial
80873,Null,Terrestrial
80874,Null,Terrestrial
80875,Null,Terrestrial
80876,Invasive,Freshwater
80877,Null,Terrestrial
80878,Null,Terrestrial
80879,Invasive,Terrestrial
80880,Invasive,Terrestrial
80881,Null,Terrestrial
80882,Null,Terrestrial
80883,Invasive,Terrestrial
80884,Null,Terrestrial|Freshwater
80885,Null,Terrestrial|Freshwater
80886,Null,Terrestrial
80887,Null,Terrestrial
80888,Null,Terrestrial
80889,Null,Terrestrial
80890,Null,Terrestrial
80891,Null,Terrestrial
80892,Null,Terrestrial
80893,Null,Terrestrial
80894,Null,Terrestrial
80895,Null,Terrestrial
80896,Null,Terrestrial
80897,Null,Terrestrial
80898,Null,Terrestrial
80899,Null,Terrestrial
80900,Null,Terrestrial
80901,Null,Terrestrial
80902,Invasive,Terrestrial
80903,Null,Terrestrial
80904,Null,Terrestrial
80905,Null,Terrestrial
80906,Null,Terrestrial
80907,Null,Terrestrial
80908,Null,Terrestrial
80909,Null,Terrestrial
80910,Invasive,Terrestrial
80911,Null,Terrestrial
80912,Null,Terrestrial
80913,Invasive,Terrestrial
80914,Null,Terrestrial
80915,Null,Terrestrial
80916,Null,Terrestrial
80917,Invasive,Terrestrial
80918,Null,Terrestrial
80919,Invasive,Terrestrial
80920,Null,Terrestrial
80921,Null,Terrestrial
80922,Null,Terrestrial
80923,Null,Terrestrial
80924,Null,Terrestrial
80925,Null,Terrestrial
80926,Null,Terrestrial
80927,Null,Terrestrial
80928,Null,Terrestrial
80929,Null,Terrestrial
80930,Null,Terrestrial
80931,Invasive,Terrestrial
80932,Null,Terrestrial
80933,Null,Terrestrial
80934,Null,Terrestrial
80935,Null,Terrestrial
80936,Null,Terrestrial
80937,Null,Terrestrial
80938,Null,Terrestrial
80939,Null,Terrestrial
80940,Invasive,Terrestrial
80941,Null,Terrestrial
80942,Invasive,Terrestrial
80943,Null,Terrestrial
80944,Null,Terrestrial
80945,Null,Terrestrial
80946,Null,Terrestrial
80947,Null,Terrestrial
80948,Invasive,Terrestrial
80949,Null,Terrestrial
80950,Null,Terrestrial
80951,Null,Terrestrial
80952,Null,Terrestrial
80953,Null,Terrestrial
80954,Invasive,Terrestrial
80955,Null,Terrestrial
80956,Null,Terrestrial
80957,Null,Terrestrial
80958,Null,Terrestrial
80959,Null,Terrestrial
80960,Null,Terrestrial
80961,Null,Terrestrial
80962,Null,Terrestrial
80963,Null,Host
80964,Null,Terrestrial
80965,Null,Terrestrial
80966,Null,Terrestrial
80967,Invasive,Terrestrial
80968,Null,Terrestrial
80969,Null,Terrestrial
80970,Null,Marine
80971,Invasive,Terrestrial
80972,Invasive,Terrestrial
80973,Invasive,Terrestrial
80974,Null,Terrestrial
80975,Null,Terrestrial
80976,Null,Terrestrial
80977,Null,Terrestrial
80978,Null,Terrestrial|Freshwater
80979,Null,Freshwater|Brackish
80980,Invasive,Freshwater
80981,Null,Terrestrial
80982,Null,Terrestrial
80983,Null,Terrestrial
80984,Null,Terrestrial
80985,Null,Terrestrial
80986,Null,Terrestrial
80987,Null,Terrestrial
80988,Invasive,Terrestrial
80989,Null,Terrestrial
80990,Invasive,Terrestrial
80991,Invasive,Terrestrial
80992,Null,Terrestrial
80993,Null,Terrestrial
80994,Null,Terrestrial
80995,Null,Terrestrial
80996,Null,Terrestrial
80997,Null,Terrestrial
80998,Null,Terrestrial
80999,Null,Terrestrial
81000,Null,Terrestrial
81001,Null,Terrestrial
81002,Null,Terrestrial
81003,Null,Terrestrial
81004,Invasive,Terrestrial
81005,Null,Terrestrial
81006,Null,Terrestrial
81007,Null,Terrestrial
81008,Null,Terrestrial
81009,Null,Terrestrial
81010,Null,Terrestrial
81011,Null,Terrestrial
81012,Null,Terrestrial
81013,Null,Terrestrial
81014,Null,Terrestrial
81015,Null,Terrestrial
81016,Null,Terrestrial
81017,Null,Terrestrial
81018,Null,Terrestrial
81019,Null,Terrestrial
81020,Null,Terrestrial
81021,Null,Terrestrial
81022,Null,Terrestrial
81023,Null,Terrestrial
81024,Null,Terrestrial
81025,Null,Terrestrial
81026,Null,Terrestrial
81027,Null,Terrestrial
81028,Null,Terrestrial
81029,Null,Freshwater
81030,Invasive,Terrestrial
81031,Null,Terrestrial
81032,Invasive,Terrestrial
81033,Invasive,Terrestrial
81034,Invasive,Terrestrial
81035,Null,Terrestrial
81036,Null,Terrestrial
81037,Null,Terrestrial
81038,Null,Terrestrial
81039,Null,Terrestrial
81040,Null,Terrestrial
81041,Null,Terrestrial
81042,Null,Terrestrial
81043,Null,Terrestrial
81044,Null,Terrestrial
81045,Null,Terrestrial
81046,Null,Terrestrial
81047,Null,Terrestrial
81048,Null,Terrestrial
81049,Invasive,Terrestrial
81050,Null,Terrestrial
81051,Null,Terrestrial
81052,Null,Marine
81053,Null,Terrestrial
81054,Null,Terrestrial
81055,Null,Terrestrial
81056,Invasive,Terrestrial
81057,Null,Terrestrial
81058,Invasive,Terrestrial
81059,Null,Terrestrial
81060,Null,Terrestrial
81061,Null,Terrestrial
81062,Null,Terrestrial
81063,Null,Terrestrial
81064,Null,Terrestrial
81065,Null,Terrestrial
81066,Null,Terrestrial
81067,Null,Terrestrial
81068,Null,Terrestrial
81069,Null,Terrestrial
81070,Null,Terrestrial
81071,Null,Terrestrial
81072,Null,Terrestrial
81073,Null,Terrestrial
81074,Invasive,Terrestrial
81075,Invasive,Terrestrial
81076,Invasive,Terrestrial
81077,Null,Terrestrial
81078,Null,Terrestrial
81079,Invasive,Terrestrial
81080,Null,Terrestrial
81081,Invasive,Freshwater
81082,Null,Terrestrial
81083,Null,Terrestrial
81084,Null,Terrestrial
81085,Null,Terrestrial|Freshwater
81086,Null,Terrestrial
81087,Null,Terrestrial
81088,Null,Terrestrial
81089,Null,Terrestrial
81090,Null,Terrestrial
81091,Null,Terrestrial
81092,Null,Terrestrial
81093,Null,Terrestrial
81094,Null,Terrestrial
81095,Null,Terrestrial
81096,Null,Terrestrial
81097,Null,Terrestrial
81098,Null,Terrestrial
81099,Null,Terrestrial
81100,Null,Terrestrial
81101,Invasive,Terrestrial
81102,Null,Terrestrial
81103,Null,Terrestrial
81104,Null,Terrestrial
81105,Null,Terrestrial
81106,Null,Terrestrial
81107,Null,Terrestrial
81108,Null,Terrestrial
81109,Invasive,Terrestrial
81110,Invasive,Terrestrial
81111,Null,Terrestrial
81112,Null,Terrestrial
81113,Null,Terrestrial
81114,Null,Terrestrial
81115,Null,Terrestrial
81116,Null,Terrestrial
81117,Invasive,Terrestrial
81118,Null,Terrestrial
81119,Null,Terrestrial
81120,Null,Terrestrial
81121,Null,Terrestrial|Freshwater
81122,Null,Terrestrial|Freshwater
81123,Invasive,Terrestrial|Freshwater
81124,Null,Terrestrial|Freshwater
81125,Null,Terrestrial|Freshwater
81126,Null,Terrestrial|Freshwater
81127,Null,Terrestrial|Freshwater
81128,Null,Terrestrial|Freshwater
81129,Null,Terrestrial|Freshwater
81130,Invasive,Terrestrial|Freshwater
81131,Null,Terrestrial|Freshwater
81132,Null,Terrestrial|Freshwater
81133,Invasive,Freshwater|Brackish
81134,Null,Terrestrial
81135,Null,Terrestrial
81136,Null,Terrestrial
81137,Null,Terrestrial
81138,Null,Terrestrial
81139,Invasive,Terrestrial
81140,Null,Terrestrial
81141,Null,Terrestrial
81142,Null,Terrestrial
81143,Null,Terrestrial
81144,Null,Terrestrial
81145,Null,Terrestrial
81146,Null,Terrestrial
81147,Null,Terrestrial
81148,Null,Terrestrial
81149,Null,Terrestrial
81150,Invasive,Terrestrial
81151,Invasive,Terrestrial
81152,Invasive,Terrestrial
81153,Null,Terrestrial
81154,Invasive,Terrestrial
81155,Null,Terrestrial
81156,Null,Terrestrial
81157,Null,Terrestrial
81158,Null,Terrestrial
81159,Null,Terrestrial
81160,Null,Terrestrial
81161,Null,Terrestrial
81162,Null,Terrestrial
81163,Invasive,Terrestrial
81164,Null,Terrestrial
81165,Null,Terrestrial
81166,Null,Terrestrial
81167,Null,Terrestrial
81168,Null,Terrestrial
81169,Null,Terrestrial
81170,Null,Terrestrial
81171,Null,Terrestrial
81172,Null,Terrestrial
81173,Null,Terrestrial
81174,Null,Terrestrial
81175,Null,Terrestrial
81176,Null,Terrestrial
81177,Invasive,Terrestrial
81178,Null,Terrestrial
81179,Null,Terrestrial
81180,Null,Terrestrial
81181,Null,Terrestrial
81182,Null,Terrestrial
81183,Invasive,Terrestrial
81184,Null,Terrestrial
81185,Null,Terrestrial
81186,Null,Terrestrial
81187,Null,Terrestrial
81188,Null,Terrestrial
81189,Null,Terrestrial
81190,Null,Terrestrial
81191,Null,Terrestrial
81192,Invasive,Terrestrial
81193,Null,Terrestrial
81194,Null,Terrestrial
81195,Null,Terrestrial
81196,Null,Terrestrial
81197,Invasive,Terrestrial
81198,Null,Terrestrial
81199,Null,Terrestrial
81200,Null,Terrestrial
81201,Null,Terrestrial
81202,Null,Terrestrial
81203,Null,Terrestrial
81204,Null,Terrestrial
81205,Null,Terrestrial
81206,Null,Terrestrial
81207,Null,Terrestrial
81208,Null,Terrestrial
81209,Null,Terrestrial
81210,Null,Terrestrial
81211,Null,Terrestrial
81212,Null,Terrestrial
81213,Null,Terrestrial
81214,Null,Terrestrial
81215,Null,Terrestrial
81216,Null,Terrestrial
81217,Null,Terrestrial
81218,Invasive,Terrestrial
81219,Null,Terrestrial
81220,Null,Terrestrial
81221,Null,Terrestrial
81222,Null,Terrestrial
81223,Invasive,Terrestrial
81224,Null,Terrestrial
81225,Null,Terrestrial
81226,Null,Terrestrial
81227,Null,Terrestrial
81228,Invasive,Terrestrial
81229,Invasive,Terrestrial
81230,Null,Terrestrial
81231,Null,Terrestrial
81232,Invasive,Terrestrial
81233,Null,Terrestrial
81234,Invasive,Freshwater
81235,Invasive,Terrestrial
81236,Null,Terrestrial
81237,Null,Terrestrial
81238,Null,Terrestrial|Freshwater
81239,Null,Terrestrial|Freshwater
81240,Null,Terrestrial|Freshwater
81241,Null,Terrestrial|Freshwater
81242,Null,Terrestrial|Freshwater
81243,Null,Terrestrial
81244,Null,Terrestrial
81245,Null,Terrestrial
81246,Null,Freshwater
81247,Null,Terrestrial
81248,Null,Terrestrial
81249,Null,Terrestrial
81250,Null,Terrestrial
81251,Invasive,Terrestrial
81252,Null,Terrestrial
81253,Null,Terrestrial
81254,Null,Terrestrial
81255,Null,Terrestrial
81256,Null,Terrestrial
81257,Null,Terrestrial
81258,Null,Terrestrial
81259,Null,Terrestrial
81260,Null,Terrestrial
81261,Null,Terrestrial
81262,Null,Terrestrial
81263,Null,Terrestrial
81264,Null,Terrestrial
81265,Invasive,Terrestrial
81266,Null,Terrestrial
81267,Null,Terrestrial
81268,Null,Terrestrial
81269,Null,Terrestrial
81270,Null,Terrestrial
81271,Null,Terrestrial
81272,Null,Terrestrial
81273,Null,Terrestrial
81274,Null,Terrestrial
81275,Invasive,Terrestrial
81276,Invasive,Terrestrial
81277,Invasive,Terrestrial
81278,Null,Terrestrial
81279,Null,Terrestrial
81280,Null,Terrestrial
81281,Null,Terrestrial
81282,Null,Terrestrial
81283,Null,Terrestrial
81284,Null,Terrestrial
81285,Null,Terrestrial
81286,Null,Terrestrial
81287,Null,Terrestrial
81288,Null,Terrestrial
81289,Null,Terrestrial
81290,Null,Terrestrial
81291,Null,Terrestrial
81292,Null,Terrestrial
81293,Null,Terrestrial
81294,Null,Terrestrial
81295,Null,Terrestrial
81296,Null,Terrestrial
81297,Null,Terrestrial
81298,Null,Terrestrial
81299,Null,Terrestrial
81300,Null,Terrestrial
81301,Null,Terrestrial
81302,Null,Terrestrial
81303,Null,Terrestrial
81304,Null,Terrestrial
81305,Null,Terrestrial
81306,Null,Terrestrial
81307,Null,Terrestrial
81308,Null,Terrestrial
81309,Null,Terrestrial
81310,Null,Terrestrial
81311,Null,Terrestrial
81312,Null,Terrestrial
81313,Null,Terrestrial
81314,Null,Terrestrial
81315,Null,Terrestrial
81316,Null,Terrestrial
81317,Null,Terrestrial
81318,Null,Terrestrial
81319,Null,Terrestrial
81320,Null,Terrestrial
81321,Null,Terrestrial
81322,Null,Terrestrial
81323,Null,Terrestrial
81324,Null,Terrestrial
81325,Null,Terrestrial
81326,Null,Terrestrial
81327,Null,Terrestrial
81328,Null,Terrestrial
81329,Null,Terrestrial
81330,Null,Terrestrial
81331,Null,Terrestrial
81332,Null,Terrestrial
81333,Null,Terrestrial
81334,Null,Terrestrial
81335,Null,Terrestrial
81336,Null,Terrestrial
81337,Null,Terrestrial
81338,Null,Terrestrial
81339,Null,Terrestrial
81340,Null,Terrestrial
81341,Null,Terrestrial
81342,Null,Terrestrial
81343,Null,Terrestrial
81344,Null,Terrestrial
81345,Null,Terrestrial
81346,Null,Terrestrial
81347,Null,Terrestrial
81348,Null,Terrestrial
81349,Null,Terrestrial
81350,Null,Terrestrial
81351,Null,Terrestrial
81352,Invasive,Terrestrial
81353,Null,Terrestrial
81354,Null,Terrestrial
81355,Null,Terrestrial
81356,Null,Terrestrial
81357,Invasive,Terrestrial
81358,Null,Terrestrial
81359,Null,Terrestrial
81360,Invasive,Terrestrial
81361,Null,Terrestrial
81362,Invasive,Terrestrial
81363,Null,Terrestrial
81364,Null,Terrestrial
81365,Null,Terrestrial
81366,Null,Terrestrial
81367,Null,Terrestrial
81368,Null,Terrestrial
81369,Null,Terrestrial
81370,Null,Terrestrial
81371,Null,Terrestrial
81372,Null,Terrestrial
81373,Null,Terrestrial
81374,Null,Terrestrial
81375,Null,Terrestrial
81376,Invasive,Terrestrial
81377,Null,Terrestrial
81378,Null,Terrestrial
81379,Null,Terrestrial
81380,Null,Terrestrial
81381,Null,Terrestrial
81382,Null,Terrestrial
81383,Null,Terrestrial
81384,Null,Terrestrial
81385,Null,Terrestrial
81386,Null,Terrestrial
81387,Null,Terrestrial
81388,Null,Terrestrial
81389,Null,Terrestrial
81390,Null,Terrestrial
81391,Null,Terrestrial|Freshwater
81392,Null,Terrestrial
81393,Null,Terrestrial
81394,Invasive,Terrestrial
81395,Null,Terrestrial
81396,Null,Terrestrial
81397,Null,Terrestrial
81398,Null,Terrestrial
81399,Null,Terrestrial
81400,Null,Terrestrial
81401,Null,Terrestrial
81402,Null,Terrestrial
81403,Null,Terrestrial
81404,Null,Terrestrial
81405,Null,Terrestrial
81406,Null,Terrestrial
81407,Null,Terrestrial
81408,Null,Terrestrial
81409,Null,Terrestrial
81410,Invasive,Terrestrial
81411,Invasive,Terrestrial
81412,Invasive,Freshwater|Brackish
81413,Null,Terrestrial
81414,Null,Terrestrial
81415,Null,Terrestrial
81416,Null,Terrestrial
81417,Null,Terrestrial
81418,Null,Terrestrial
81419,Null,Terrestrial
81420,Null,Terrestrial
81421,Null,Terrestrial
81422,Null,Terrestrial
81423,Null,Terrestrial
81424,Null,Terrestrial
81425,Null,Terrestrial
81426,Null,Terrestrial
81427,Null,Terrestrial
81428,Null,Terrestrial
81429,Null,Terrestrial
81430,Null,Terrestrial
81431,Null,Terrestrial
81432,Null,Terrestrial
81433,Null,Terrestrial
81434,Null,Terrestrial
81435,Null,Terrestrial
81436,Null,Terrestrial
81437,Null,Terrestrial
81438,Null,Terrestrial
81439,Null,Terrestrial
81440,Null,Terrestrial
81441,Null,Terrestrial
81442,Null,Terrestrial
81443,Null,Terrestrial
81444,Invasive,Terrestrial
81445,Invasive,Terrestrial
81446,Invasive,Terrestrial
81447,Invasive,Terrestrial
81448,Null,Terrestrial
81449,Null,Terrestrial
81450,Invasive,Terrestrial
81451,Null,Terrestrial
81452,Invasive,Terrestrial
81453,Invasive,Terrestrial
81454,Null,Terrestrial
81455,Null,Terrestrial
81456,Null,Terrestrial
81457,Null,Marine
81458,Null,Terrestrial
81459,Null,Terrestrial
81460,Null,Terrestrial
81461,Null,Terrestrial
81462,Null,Terrestrial
81463,Null,Terrestrial
81464,Null,Terrestrial
81465,Null,Terrestrial
81466,Null,Terrestrial
81467,Null,Terrestrial
81468,Null,Terrestrial
81469,Null,Terrestrial
81470,Invasive,Terrestrial
81471,Null,Terrestrial
81472,Null,Terrestrial
81473,Null,Terrestrial
81474,Null,Terrestrial
81475,Null,Terrestrial
81476,Null,Terrestrial
81477,Null,Terrestrial
81478,Null,Terrestrial
81479,Null,Terrestrial
81480,Null,Terrestrial
81481,Null,Terrestrial
81482,Null,Terrestrial
81483,Null,Terrestrial
81484,Null,Terrestrial
81485,Null,Terrestrial
81486,Null,Terrestrial
81487,Null,Terrestrial
81488,Null,Terrestrial
81489,Null,Terrestrial
81490,Null,Terrestrial
81491,Null,Terrestrial
81492,Null,Terrestrial
81493,Null,Terrestrial
81494,Null,Terrestrial
81495,Null,Terrestrial
81496,Null,Terrestrial
81497,Invasive,Terrestrial
81498,Null,Terrestrial
81499,Null,Terrestrial
81500,Null,Terrestrial
81501,Invasive,Terrestrial
81502,Null,Terrestrial
81503,Null,Terrestrial
81504,Null,Terrestrial
81505,Null,Terrestrial
81506,Null,Terrestrial
81507,Null,Terrestrial
81508,Null,Terrestrial
81509,Null,Terrestrial
81510,Null,Terrestrial
81511,Null,Terrestrial
81512,Null,Terrestrial
81513,Null,Terrestrial
81514,Null,Terrestrial
81515,Null,Terrestrial
81516,Null,Terrestrial
81517,Null,Terrestrial
81518,Null,Terrestrial
81519,Null,Terrestrial
81520,Null,Terrestrial
81521,Null,Terrestrial
81522,Null,Terrestrial
81523,Null,Terrestrial
81524,Null,Terrestrial
81525,Null,Terrestrial
81526,Null,Terrestrial
81527,Null,Terrestrial
81528,Null,Terrestrial
81529,Null,Terrestrial
81530,Null,Freshwater
81531,Null,Terrestrial
81532,Null,Terrestrial
81533,Null,Terrestrial
81534,Null,Terrestrial
81535,Null,Terrestrial
81536,Null,Terrestrial
81537,Null,Terrestrial
81538,Null,Terrestrial
81539,Null,Terrestrial
81540,Null,Terrestrial
81541,Null,Terrestrial
81542,Invasive,Terrestrial
81543,Invasive,Freshwater|Brackish
81544,Invasive,Freshwater|Brackish
81545,Invasive,Terrestrial
81546,Invasive,Terrestrial
81547,Null,Terrestrial
81548,Null,Terrestrial
81549,Null,Terrestrial
81550,Null,Terrestrial
81551,Null,Terrestrial
81552,Null,Terrestrial
81553,Null,Terrestrial
81554,Null,Terrestrial
81555,Null,Terrestrial
81556,Null,Terrestrial
81557,Invasive,Terrestrial
81558,Invasive,Terrestrial
81559,Null,Terrestrial
81560,Null,Terrestrial
81561,Invasive,Terrestrial
81562,Null,Terrestrial
81563,Null,Terrestrial
81564,Null,Terrestrial
81565,Null,Terrestrial
81566,Invasive,Terrestrial
81567,Null,Terrestrial
81568,Invasive,Terrestrial
81569,Invasive,Terrestrial
81570,Invasive,Terrestrial
81571,Null,Terrestrial
81572,Invasive,Terrestrial
81573,Null,Terrestrial
81574,Invasive,Terrestrial
81575,Null,Terrestrial
81576,Null,Terrestrial
81577,Null,Terrestrial
81578,Null,Terrestrial
81579,Null,Terrestrial
81580,Invasive,Terrestrial
81581,Invasive,Terrestrial
81582,Null,Terrestrial
81583,Null,Terrestrial
81584,Null,Terrestrial
81585,Null,Terrestrial
81586,Null,Terrestrial
81587,Null,Terrestrial
81588,Null,Terrestrial
81589,Null,Terrestrial
81590,Null,Terrestrial
81591,Null,Terrestrial
81592,Null,Terrestrial
81593,Null,Terrestrial
81594,Null,Terrestrial
81595,Null,Terrestrial
81596,Null,Terrestrial
81597,Null,Terrestrial
81598,Null,Terrestrial
81599,Null,Terrestrial
81600,Null,Terrestrial
81601,Null,Terrestrial
81602,Null,Terrestrial
81603,Null,Terrestrial
81604,Null,Terrestrial
81605,Null,Terrestrial
81606,Null,Terrestrial
81607,Null,Terrestrial
81608,Null,Terrestrial
81609,Null,Terrestrial
81610,Null,Terrestrial
81611,Null,Terrestrial
81612,Null,Terrestrial
81613,Null,Terrestrial
81614,Null,Terrestrial
81615,Null,Terrestrial
81616,Invasive,Terrestrial
81617,Null,Terrestrial
81618,Null,Terrestrial
81619,Null,Terrestrial
81620,Null,Terrestrial
81621,Null,Terrestrial
81622,Null,Terrestrial
81623,Null,Terrestrial
81624,Null,Terrestrial
81625,Null,Terrestrial
81626,Null,Terrestrial
81627,Null,Terrestrial
81628,Null,Terrestrial
81629,Null,Terrestrial
81630,Null,Terrestrial
81631,Null,Terrestrial
81632,Null,Terrestrial
81633,Null,Terrestrial
81634,Null,Terrestrial
81635,Null,Terrestrial
81636,Null,Terrestrial
81637,Null,Terrestrial
81638,Null,Terrestrial
81639,Null,Terrestrial
81640,Invasive,Terrestrial
81641,Null,Terrestrial
81642,Null,Terrestrial
81643,Null,Terrestrial
81644,Null,Terrestrial
81645,Invasive,Terrestrial
81646,Null,Terrestrial
81647,Null,Terrestrial
81648,Null,Terrestrial
81649,Null,Terrestrial
81650,Null,Terrestrial
81651,Null,Terrestrial
81652,Null,Terrestrial
81653,Null,Terrestrial
81654,Invasive,Terrestrial
81655,Null,Terrestrial
81656,Null,Terrestrial
81657,Null,Terrestrial
81658,Null,Terrestrial
81659,Null,Terrestrial
81660,Null,Terrestrial
81661,Null,Terrestrial
81662,Invasive,Terrestrial
81663,Null,Terrestrial
81664,Null,Terrestrial
81665,Null,Terrestrial
81666,Null,Terrestrial
81667,Null,Terrestrial
81668,Null,Terrestrial
81669,Null,Terrestrial
81670,Null,Terrestrial
81671,Null,Terrestrial
81672,Null,Terrestrial
81673,Null,Terrestrial
81674,Null,Terrestrial
81675,Null,Terrestrial
81676,Null,Terrestrial
81677,Null,Terrestrial
81678,Null,Terrestrial
81679,Null,Terrestrial
81680,Null,Freshwater
81681,Null,Terrestrial
81682,Invasive,Terrestrial
81683,Invasive,Terrestrial
81684,Null,Terrestrial
81685,Null,Terrestrial
81686,Null,Terrestrial
81687,Null,Terrestrial
81688,Null,Terrestrial
81689,Null,Terrestrial
81690,Null,Terrestrial
81691,Null,Terrestrial
81692,Null,Terrestrial
81693,Null,Terrestrial
81694,Null,Terrestrial
81695,Null,Terrestrial
81696,Null,Terrestrial
81697,Null,Terrestrial
81698,Invasive,Terrestrial
81699,Null,Terrestrial
81700,Null,Terrestrial
81701,Null,Terrestrial
81702,Null,Terrestrial
81703,Null,Terrestrial
81704,Null,Terrestrial
81705,Null,Terrestrial
81706,Null,Terrestrial
81707,Null,Terrestrial
81708,Null,Terrestrial|Freshwater
81709,Null,Terrestrial
81710,Null,Terrestrial
81711,Null,Terrestrial
81712,Null,Terrestrial
81713,Invasive,Terrestrial
81714,Null,Terrestrial
81715,Null,Terrestrial
81716,Null,Terrestrial
81717,Null,Terrestrial
81718,Null,Terrestrial
81719,Null,Terrestrial
81720,Null,Terrestrial
81721,Null,Terrestrial
81722,Null,Terrestrial
81723,Null,Terrestrial
81724,Null,Terrestrial
81725,Null,Terrestrial
81726,Null,Terrestrial
81727,Null,Terrestrial
81728,Null,Terrestrial
81729,Null,Terrestrial
81730,Null,Terrestrial
81731,Null,Terrestrial
81732,Null,Terrestrial
81733,Null,Terrestrial
81734,Null,Terrestrial
81735,Null,Terrestrial|Freshwater
81736,Invasive,Terrestrial|Freshwater
81737,Null,Terrestrial|Freshwater
81738,Null,Terrestrial
81739,Null,Marine
81740,Null,Marine
81741,Null,Terrestrial
81742,Null,Terrestrial
81743,Null,Terrestrial
81744,Null,Terrestrial
81745,Null,Terrestrial
81746,Null,Terrestrial
81747,Null,Terrestrial
81748,Invasive,Terrestrial
81749,Null,Terrestrial|Freshwater
81750,Invasive,Terrestrial
81751,Null,Terrestrial
81752,Null,Terrestrial
81753,Invasive,Terrestrial
81754,Invasive,Terrestrial
81755,Invasive,Terrestrial
81756,Null,Terrestrial
81757,Null,Terrestrial
81758,Null,Terrestrial
81759,Null,Terrestrial
81760,Invasive,Terrestrial
81761,Null,Terrestrial
81762,Null,Terrestrial
81763,Null,Terrestrial
81764,Null,Terrestrial
81765,Null,Terrestrial
81766,Null,Terrestrial
81767,Null,Terrestrial
81768,Null,Terrestrial
81769,Null,Terrestrial
81770,Invasive,Terrestrial
81771,Null,Terrestrial
81772,Null,Terrestrial
81773,Null,Terrestrial
81774,Null,Terrestrial
81775,Null,Terrestrial
81776,Null,Terrestrial
81777,Null,Terrestrial
81778,Null,Terrestrial
81779,Null,Terrestrial
81780,Null,Terrestrial
81781,Null,Terrestrial
81782,Null,Terrestrial
81783,Null,Terrestrial
81784,Null,Terrestrial
81785,Null,Terrestrial
81786,Null,Terrestrial
81787,Null,Terrestrial
81788,Invasive,Terrestrial
81789,Null,Terrestrial
81790,Null,Terrestrial
81791,Null,Terrestrial
81792,Null,Terrestrial
81793,Invasive,Terrestrial
81794,Null,Terrestrial
81795,Null,Terrestrial
81796,Null,Terrestrial
81797,Null,Terrestrial
81798,Null,Terrestrial
81799,Null,Terrestrial
81800,Null,Terrestrial
81801,Null,Terrestrial
81802,Invasive,Terrestrial
81803,Null,Terrestrial
81804,Null,Terrestrial
81805,Null,Terrestrial
81806,Null,Terrestrial
81807,Null,Terrestrial
81808,Null,Terrestrial
81809,Invasive,Terrestrial
81810,Null,Terrestrial
81811,Invasive,Terrestrial
81812,Invasive,Terrestrial
81813,Null,Terrestrial
81814,Null,Terrestrial
81815,Null,Terrestrial
81816,Null,Terrestrial
81817,Null,Terrestrial
81818,Null,Terrestrial
81819,Invasive,Terrestrial
81820,Null,Terrestrial
81821,Invasive,Terrestrial
81822,Null,Terrestrial
81823,Null,Terrestrial
81824,Null,Terrestrial
81825,Null,Terrestrial
81826,Null,Terrestrial
81827,Null,Terrestrial
81828,Null,Marine
81829,Null,Terrestrial
81830,Null,Terrestrial
81831,Invasive,Terrestrial
81832,Null,Terrestrial
81833,Null,Terrestrial
81834,Null,Terrestrial
81835,Null,Terrestrial
81836,Invasive,Terrestrial
81837,Invasive,Terrestrial
81838,Null,Terrestrial
81839,Invasive,Terrestrial
81840,Invasive,Terrestrial
81841,Invasive,Terrestrial
81842,Null,Terrestrial
81843,Null,Terrestrial
81844,Null,Terrestrial
81845,Null,Terrestrial
81846,Null,Terrestrial
81847,Null,Terrestrial
81848,Null,Terrestrial
81849,Invasive,Freshwater
81850,Null,Terrestrial
81851,Null,Terrestrial
81852,Null,Terrestrial
81853,Null,Terrestrial
81854,Null,Terrestrial
81855,Null,Terrestrial
81856,Null,Terrestrial
81857,Null,Terrestrial
81858,Null,Terrestrial
81859,Null,Terrestrial
81860,Invasive,Terrestrial
81861,Null,Terrestrial
81862,Null,Terrestrial
81863,Null,Terrestrial
81864,Null,Terrestrial
81865,Null,Terrestrial
81866,Null,Terrestrial
81867,Null,Freshwater|Brackish
81868,Null,Terrestrial
81869,Null,Terrestrial
81870,Null,Terrestrial
81871,Null,Terrestrial
81872,Null,Terrestrial
81873,Null,Marine
81874,Null,Terrestrial
81875,Null,Terrestrial
81876,Null,Terrestrial
81877,Null,Terrestrial
81878,Null,Terrestrial
81879,Null,Terrestrial
81880,Null,Terrestrial
81881,Null,Marine
81882,Null,Marine
81883,Null,Terrestrial
81884,Invasive,Terrestrial
81885,Null,Terrestrial
81886,Null,Terrestrial
81887,Null,Terrestrial
81888,Invasive,Terrestrial
81889,Null,Terrestrial
81890,Null,Terrestrial
81891,Null,Terrestrial
81892,Null,Terrestrial
81893,Null,Terrestrial
81894,Null,Terrestrial
81895,Null,Freshwater
81896,Null,Freshwater
81897,Null,Freshwater
81898,Null,Freshwater
81899,Null,Freshwater
81900,Null,Freshwater
81901,Null,Freshwater
81902,Null,Terrestrial
81903,Null,Terrestrial
81904,Null,Terrestrial
81905,Null,Terrestrial
81906,Null,Terrestrial
81907,Null,Terrestrial
81908,Null,Terrestrial
81909,Null,Terrestrial
81910,Null,Terrestrial
81911,Null,Terrestrial
81912,Null,Terrestrial
81913,Null,Terrestrial
81914,Null,Terrestrial
81915,Null,Terrestrial
81916,Null,Terrestrial
81917,Null,Terrestrial
81918,Null,Terrestrial
81919,Null,Terrestrial
81920,Null,Terrestrial
81921,Null,Terrestrial
81922,Invasive,Freshwater|Brackish|Marine
81923,Null,Terrestrial
81924,Null,Marine
81925,Null,Marine
81926,Null,Terrestrial
81927,Null,Terrestrial
81928,Invasive,Terrestrial
81929,Invasive,Terrestrial
81930,Null,Terrestrial
81931,Null,Terrestrial
81932,Invasive,Freshwater|Brackish
81933,Invasive,Freshwater|Brackish
81934,Null,Terrestrial
81935,Null,Terrestrial
81936,Null,Terrestrial
81937,Null,Terrestrial
81938,Null,Terrestrial
81939,Null,Terrestrial
81940,Null,Terrestrial
81941,Null,Terrestrial
81942,Null,Terrestrial
81943,Null,Terrestrial
81944,Null,Terrestrial
81945,Null,Freshwater|Brackish
81946,Null,Terrestrial
81947,Null,Terrestrial
81948,Invasive,Terrestrial
81949,Invasive,Terrestrial
81950,Null,Terrestrial
81951,Null,Terrestrial
81952,Invasive,Terrestrial
81953,Invasive,Terrestrial
81954,Null,Terrestrial
81955,Null,Terrestrial
81956,Invasive,Terrestrial
81957,Null,Terrestrial
81958,Null,Terrestrial
81959,Invasive,Terrestrial
81960,Null,Terrestrial
81961,Null,Terrestrial
81962,Null,Terrestrial
81963,Null,Terrestrial
81964,Null,Terrestrial
81965,Null,Terrestrial
81966,Null,Terrestrial
81967,Null,Terrestrial
81968,Null,Terrestrial
81969,Null,Terrestrial
81970,Null,Terrestrial
81971,Null,Terrestrial
81972,Null,Terrestrial
81973,Null,Terrestrial
81974,Null,Terrestrial
81975,Null,Terrestrial
81976,Null,Terrestrial
81977,Null,Terrestrial
81978,Null,Terrestrial
81979,Null,Terrestrial
81980,Null,Terrestrial
81981,Null,Terrestrial
81982,Invasive,Terrestrial
81983,Null,Terrestrial
81984,Null,Terrestrial
81985,Null,Terrestrial
81986,Null,Terrestrial
81987,Null,Terrestrial
81988,Null,Terrestrial
81989,Null,Terrestrial
81990,Null,Terrestrial
81991,Null,Terrestrial
81992,Null,Terrestrial
81993,Null,Terrestrial
81994,Null,Terrestrial
81995,Invasive,Terrestrial
81996,Invasive,Terrestrial
81997,Null,Terrestrial
81998,Null,Terrestrial
81999,Null,Terrestrial
82000,Null,Terrestrial
82001,Null,Terrestrial
82002,Null,Terrestrial
82003,Null,Terrestrial
82004,Null,Terrestrial
82005,Null,Terrestrial
82006,Null,Terrestrial
82007,Null,Terrestrial
82008,Null,Terrestrial
82009,Null,Terrestrial
82010,Invasive,Terrestrial
82011,Null,Terrestrial
82012,Null,Terrestrial
82013,Null,Terrestrial
82014,Null,Terrestrial
82015,Null,Terrestrial
82016,Null,Terrestrial
82017,Null,Terrestrial
82018,Null,Terrestrial
82019,Null,Terrestrial
82020,Null,Terrestrial
82021,Null,Terrestrial
82022,Null,Terrestrial
82023,Null,Terrestrial
82024,Null,Terrestrial
82025,Null,Terrestrial
82026,Invasive,Terrestrial
82027,Invasive,Terrestrial
82028,Invasive,Terrestrial
82029,Null,Terrestrial
82030,Null,Terrestrial
82031,Null,Terrestrial
82032,Null,Terrestrial
82033,Null,Terrestrial
82034,Null,Terrestrial
82035,Null,Terrestrial
82036,Null,Terrestrial
82037,Invasive,Terrestrial
82038,Null,Terrestrial
82039,Null,Terrestrial
82040,Null,Terrestrial
82041,Null,Terrestrial
82042,Null,Marine
82043,Null,Terrestrial
82044,Null,Terrestrial
82045,Null,Marine
82046,Null,Terrestrial
82047,Null,Terrestrial
82048,Null,Terrestrial
82049,Null,Terrestrial
82050,Null,Terrestrial
82051,Null,Terrestrial
82052,Null,Terrestrial|Freshwater
82053,Invasive,Terrestrial|Freshwater
82054,Null,Terrestrial
82055,Null,Terrestrial
82056,Null,Terrestrial
82057,Null,Terrestrial
82058,Null,Terrestrial
82059,Null,Terrestrial
82060,Null,Terrestrial
82061,Null,Terrestrial
82062,Null,Terrestrial
82063,Null,Terrestrial
82064,Null,Terrestrial
82065,Invasive,Terrestrial
82066,Null,Terrestrial
82067,Null,Terrestrial
82068,Null,Terrestrial
82069,Invasive,Terrestrial
82070,Null,Terrestrial
82071,Invasive,Terrestrial
82072,Null,Terrestrial
82073,Null,Terrestrial
82074,Null,Terrestrial
82075,Invasive,Terrestrial
82076,Null,Terrestrial
82077,Invasive,Terrestrial
82078,Null,Host
82079,Null,Host
82080,Invasive,Freshwater
82081,Invasive,Terrestrial
82082,Null,Terrestrial
82083,Null,Terrestrial
82084,Null,Terrestrial
82085,Null,Terrestrial
82086,Null,Terrestrial
82087,Null,Terrestrial
82088,Null,Terrestrial
82089,Null,Terrestrial
82090,Null,Terrestrial
82091,Null,Terrestrial
82092,Null,Terrestrial
82093,Null,Terrestrial
82094,Null,Terrestrial
82095,Null,Terrestrial
82096,Invasive,Freshwater
82097,Null,Terrestrial
82098,Invasive,Terrestrial
82099,Null,Terrestrial
82100,Null,Terrestrial
82101,Null,Terrestrial
82102,Null,Terrestrial
82103,Null,Terrestrial
82104,Invasive,Terrestrial
82105,Null,Terrestrial
82106,Null,Terrestrial
82107,Null,Terrestrial
82108,Null,Terrestrial
82109,Null,Terrestrial
82110,Null,Terrestrial
82111,Null,Terrestrial
82112,Null,Terrestrial
82113,Null,Terrestrial
82114,Null,Terrestrial
82115,Null,Terrestrial
82116,Null,Terrestrial
82117,Invasive,Terrestrial
82118,Null,Terrestrial
82119,Null,Terrestrial
82120,Null,Freshwater|Brackish
82121,Invasive,Freshwater|Brackish
82122,Null,Terrestrial
82123,Null,Terrestrial
82124,Null,Terrestrial
82125,Null,Terrestrial
82126,Null,Terrestrial
82127,Null,Terrestrial
82128,Null,Terrestrial
82129,Null,Terrestrial
82130,Null,Terrestrial
82131,Null,Marine
82132,Null,Terrestrial
82133,Null,Terrestrial
82134,Null,Terrestrial
82135,Null,Freshwater
82136,Null,Terrestrial
82137,Null,Terrestrial
82138,Null,Terrestrial
82139,Invasive,Terrestrial
82140,Null,Terrestrial
82141,Null,Terrestrial
82142,Null,Terrestrial
82143,Null,Freshwater
82144,Null,Freshwater
82145,Null,Freshwater
82146,Null,Terrestrial
82147,Null,Terrestrial
82148,Null,Terrestrial
82149,Null,Terrestrial
82150,Null,Terrestrial
82151,Null,Terrestrial
82152,Null,Terrestrial
82153,Invasive,Terrestrial
82154,Null,Terrestrial
82155,Null,Terrestrial
82156,Null,Marine
82157,Null,Terrestrial
82158,Null,Terrestrial
82159,Null,Terrestrial
82160,Null,Terrestrial
82161,Null,Terrestrial
82162,Null,Terrestrial
82163,Null,Terrestrial
82164,Null,Terrestrial
82165,Null,Terrestrial
82166,Null,Terrestrial
82167,Null,Terrestrial
82168,Null,Terrestrial
82169,Null,Terrestrial
82170,Null,Terrestrial
82171,Null,Terrestrial
82172,Null,Terrestrial
82173,Null,Terrestrial
82174,Null,Terrestrial
82175,Null,Terrestrial
82176,Null,Terrestrial
82177,Null,Terrestrial
82178,Null,Terrestrial
82179,Null,Freshwater
82180,Null,Freshwater
82181,Invasive,Freshwater
82182,Null,Freshwater
82183,Null,Terrestrial
82184,Invasive,Terrestrial
82185,Null,Terrestrial
82186,Null,Terrestrial|Freshwater
82187,Null,Terrestrial
82188,Null,Terrestrial
82189,Null,Terrestrial
82190,Null,Terrestrial
82191,Null,Terrestrial
82192,Null,Terrestrial
82193,Null,Terrestrial
82194,Null,Terrestrial
82195,Invasive,Terrestrial
82196,Invasive,Terrestrial
82197,Null,Freshwater
82198,Null,Host
82199,Null,Terrestrial
82200,Null,Terrestrial
82201,Null,Terrestrial
82202,Null,Terrestrial
82203,Null,Terrestrial
82204,Null,Terrestrial
82205,Null,Terrestrial
82206,Null,Terrestrial
82207,Null,Terrestrial
82208,Null,Terrestrial
82209,Null,Terrestrial
82210,Null,Terrestrial
82211,Null,Terrestrial
82212,Null,Terrestrial
82213,Null,Terrestrial
82214,Null,Terrestrial
82215,Null,Terrestrial
82216,Null,Terrestrial
82217,Null,Terrestrial
82218,Null,Terrestrial
82219,Null,Terrestrial
82220,Invasive,Terrestrial
82221,Null,Terrestrial
82222,Invasive,Terrestrial
82223,Null,Terrestrial
82224,Null,Terrestrial
82225,Null,Terrestrial
82226,Null,Terrestrial
82227,Null,Terrestrial
82228,Null,Terrestrial
82229,Null,Terrestrial
82230,Null,Terrestrial
82231,Null,Terrestrial
82232,Null,Terrestrial
82233,Null,Terrestrial
82234,Null,Terrestrial
82235,Null,Terrestrial
82236,Null,Terrestrial
82237,Null,Terrestrial
82238,Null,Terrestrial
82239,Null,Terrestrial
82240,Null,Terrestrial
82241,Null,Terrestrial
82242,Null,Terrestrial
82243,Null,Terrestrial
82244,Null,Terrestrial
82245,Null,Terrestrial
82246,Null,Terrestrial
82247,Invasive,Terrestrial
82248,Null,Terrestrial
82249,Null,Terrestrial
82250,Null,Terrestrial
82251,Null,Terrestrial
82252,Null,Terrestrial
82253,Null,Terrestrial
82254,Null,Terrestrial
82255,Null,Terrestrial
82256,Null,Terrestrial
82257,Null,Terrestrial
82258,Null,Terrestrial
82259,Null,Terrestrial
82260,Null,Terrestrial
82261,Null,Terrestrial
82262,Null,Terrestrial
82263,Null,Terrestrial
82264,Null,Terrestrial
82265,Null,Freshwater
82266,Null,Freshwater
82267,Null,Terrestrial
82268,Invasive,Terrestrial
82269,Null,Freshwater|Brackish|Marine
82270,Null,Freshwater|Brackish|Marine
82271,Null,Freshwater|Brackish|Marine
82272,Null,Terrestrial
82273,Null,Terrestrial
82274,Null,Terrestrial
82275,Null,Terrestrial
82276,Null,Terrestrial
82277,Null,Terrestrial
82278,Null,Terrestrial
82279,Null,Terrestrial
82280,Null,Terrestrial
82281,Null,Terrestrial
82282,Null,Terrestrial
82283,Null,Terrestrial
82284,Invasive,Freshwater
82285,Null,Terrestrial
82286,Null,Terrestrial
82287,Null,Terrestrial
82288,Null,Terrestrial
82289,Null,Terrestrial
82290,Null,Terrestrial
82291,Null,Terrestrial
82292,Null,Terrestrial
82293,Null,Terrestrial
82294,Invasive,Terrestrial
82295,Null,Terrestrial
82296,Null,Terrestrial
82297,Null,Terrestrial
82298,Null,Terrestrial
82299,Null,Terrestrial
82300,Null,Terrestrial
82301,Null,Terrestrial
82302,Null,Terrestrial
82303,Null,Terrestrial
82304,Null,Terrestrial
82305,Null,Terrestrial
82306,Null,Terrestrial
82307,Null,Terrestrial
82308,Null,Terrestrial
82309,Null,Terrestrial
82310,Null,Terrestrial
82311,Null,Terrestrial
82312,Null,Terrestrial
82313,Null,Marine
82314,Invasive,Terrestrial
82315,Null,Terrestrial
82316,Null,Terrestrial
82317,Null,Terrestrial
82318,Null,Terrestrial
82319,Null,Terrestrial
82320,Null,Terrestrial
82321,Null,Terrestrial
82322,Null,Terrestrial
82323,Null,Terrestrial
82324,Null,Terrestrial
82325,Null,Terrestrial
82326,Null,Terrestrial
82327,Null,Terrestrial
82328,Null,Terrestrial
82329,Null,Terrestrial
82330,Invasive,Terrestrial
82331,Null,Terrestrial
82332,Null,Terrestrial
82333,Null,Terrestrial
82334,Null,Terrestrial
82335,Null,Terrestrial
82336,Invasive,Terrestrial
82337,Null,Terrestrial
82338,Null,Terrestrial
82339,Invasive,Terrestrial
82340,Invasive,Terrestrial
82341,Null,Terrestrial
82342,Null,Terrestrial
82343,Null,Terrestrial
82344,Null,Terrestrial
82345,Null,Terrestrial
82346,Null,Terrestrial
82347,Invasive,Terrestrial
82348,Null,Terrestrial
82349,Null,Terrestrial
82350,Invasive,Terrestrial
82351,Invasive,Terrestrial
82352,Null,Terrestrial
82353,Null,Terrestrial
82354,Invasive,Terrestrial
82355,Null,Terrestrial
82356,Null,Terrestrial
82357,Null,Terrestrial
82358,Null,Terrestrial
82359,Null,Terrestrial
82360,Null,Terrestrial
82361,Null,Terrestrial
82362,Null,Terrestrial
82363,Null,Terrestrial
82364,Invasive,Terrestrial
82365,Null,Terrestrial
82366,Null,Terrestrial
82367,Null,Terrestrial
82368,Null,Terrestrial
82369,Null,Terrestrial
82370,Null,Terrestrial
82371,Null,Terrestrial
82372,Null,Terrestrial
82373,Null,Terrestrial
82374,Null,Terrestrial
82375,Null,Terrestrial
82376,Null,Terrestrial
82377,Null,Terrestrial
82378,Null,Terrestrial
82379,Null,Terrestrial
82380,Null,Terrestrial
82381,Null,Terrestrial
82382,Null,Terrestrial
82383,Null,Terrestrial
82384,Null,Terrestrial
82385,Null,Terrestrial
82386,Null,Terrestrial
82387,Null,Terrestrial
82388,Null,Terrestrial
82389,Null,Terrestrial
82390,Null,Terrestrial
82391,Null,Terrestrial
82392,Invasive,Terrestrial
82393,Null,Terrestrial
82394,Null,Terrestrial
82395,Null,Terrestrial
82396,Null,Terrestrial
82397,Null,Terrestrial
82398,Null,Terrestrial
82399,Null,Terrestrial
82400,Null,Terrestrial
82401,Invasive,Terrestrial
82402,Null,Terrestrial
82403,Null,Terrestrial
82404,Invasive,Terrestrial
82405,Null,Terrestrial
82406,Null,Terrestrial
82407,Null,Terrestrial
82408,Null,Terrestrial
82409,Invasive,Terrestrial
82410,Invasive,Terrestrial
82411,Null,Terrestrial
82412,Invasive,Terrestrial
82413,Null,Terrestrial
82414,Invasive,Terrestrial
82415,Null,Terrestrial
82416,Null,Terrestrial
82417,Invasive,Terrestrial
82418,Null,Terrestrial
82419,Null,Terrestrial
82420,Null,Terrestrial
82421,Null,Terrestrial
82422,Null,Terrestrial
82423,Null,Terrestrial
82424,Null,Terrestrial
82425,Invasive,Terrestrial
82426,Invasive,Terrestrial
82427,Invasive,Terrestrial
82428,Invasive,Terrestrial
82429,Invasive,Terrestrial
82430,Null,Terrestrial
82431,Null,Terrestrial
82432,Null,Terrestrial
82433,Null,Terrestrial
82434,Null,Terrestrial
82435,Null,Terrestrial
82436,Null,Terrestrial
82437,Null,Freshwater
82438,Null,Terrestrial|Freshwater
82439,Null,Terrestrial
82440,Invasive,Terrestrial
82441,Invasive,Terrestrial
82442,Invasive,Terrestrial
82443,Null,Terrestrial
82444,Null,Terrestrial
82445,Null,Terrestrial
82446,Null,Terrestrial
82447,Invasive,Terrestrial
82448,Null,Terrestrial
82449,Null,Terrestrial
82450,Null,Terrestrial
82451,Null,Terrestrial
82452,Null,Terrestrial
82453,Null,Terrestrial
82454,Null,Terrestrial
82455,Null,Terrestrial
82456,Invasive,Terrestrial
82457,Invasive,Terrestrial
82458,Null,Terrestrial
82459,Invasive,Terrestrial
82460,Null,Terrestrial
82461,Null,Terrestrial
82462,Null,Terrestrial
82463,Null,Terrestrial
82464,Null,Terrestrial
82465,Null,Terrestrial
82466,Null,Terrestrial
82467,Null,Terrestrial
82468,Null,Terrestrial
82469,Null,Terrestrial
82470,Null,Terrestrial
82471,Null,Terrestrial
82472,Null,Terrestrial
82473,Null,Terrestrial
82474,Null,Terrestrial
82475,Null,Terrestrial
82476,Null,Terrestrial
82477,Null,Terrestrial
82478,Null,Terrestrial
82479,Null,Terrestrial
82480,Null,Freshwater
82481,Null,Freshwater
82482,Null,Terrestrial
82483,Null,Terrestrial
82484,Invasive,Terrestrial
82485,Null,Terrestrial
82486,Null,Terrestrial
82487,Null,Terrestrial
82488,Null,Terrestrial
82489,Null,Terrestrial
82490,Null,Terrestrial
82491,Null,Terrestrial
82492,Invasive,Terrestrial
82493,Invasive,Terrestrial
82494,Null,Terrestrial
82495,Null,Terrestrial
82496,Null,Terrestrial
82497,Null,Terrestrial
82498,Null,Terrestrial
82499,Null,Terrestrial
82500,Invasive,Terrestrial
82501,Null,Terrestrial
82502,Null,Terrestrial
82503,Null,Terrestrial
82504,Null,Terrestrial
82505,Null,Terrestrial
82506,Null,Terrestrial
82507,Null,Terrestrial
82508,Null,Terrestrial
82509,Null,Terrestrial
82510,Null,Terrestrial
82511,Null,Terrestrial
82512,Null,Terrestrial
82513,Null,Terrestrial
82514,Null,Terrestrial
82515,Null,Terrestrial
82516,Null,Terrestrial
82517,Null,Terrestrial
82518,Null,Terrestrial
82519,Invasive,Terrestrial
82520,Null,Terrestrial
82521,Null,Terrestrial
82522,Null,Terrestrial
82523,Null,Terrestrial
82524,Null,Terrestrial
82525,Null,Terrestrial
82526,Null,Terrestrial
82527,Null,Terrestrial
82528,Null,Terrestrial
82529,Null,Terrestrial
82530,Null,Terrestrial
82531,Null,Terrestrial
82532,Null,Terrestrial
82533,Null,Terrestrial
82534,Invasive,Terrestrial
82535,Null,Terrestrial
82536,Null,Terrestrial
82537,Null,Terrestrial
82538,Null,Terrestrial
82539,Null,Terrestrial
82540,Null,Terrestrial
82541,Null,Terrestrial
82542,Null,Freshwater
82543,Null,Terrestrial
82544,Invasive,Terrestrial
82545,Null,Terrestrial
82546,Null,Terrestrial
82547,Invasive,Terrestrial
82548,Null,Terrestrial
82549,Null,Terrestrial|Freshwater
82550,Null,Terrestrial
82551,Null,Terrestrial
82552,Null,Terrestrial
82553,Null,Terrestrial
82554,Null,Terrestrial
82555,Null,Terrestrial
82556,Null,Terrestrial
82557,Invasive,Terrestrial
82558,Null,Terrestrial
82559,Invasive,Terrestrial
82560,Null,Freshwater
82561,Invasive,Terrestrial
82562,Null,Terrestrial
82563,Null,Terrestrial
82564,Null,Terrestrial
82565,Null,Terrestrial
82566,Null,Terrestrial
82567,Null,Terrestrial
82568,Null,Terrestrial
82569,Null,Terrestrial
82570,Null,Terrestrial
82571,Null,Terrestrial
82572,Null,Terrestrial
82573,Null,Terrestrial
82574,Invasive,Terrestrial
82575,Null,Terrestrial
82576,Null,Terrestrial
82577,Null,Terrestrial
82578,Null,Terrestrial
82579,Null,Marine
82580,Null,Terrestrial
82581,Invasive,Terrestrial
82582,Invasive,Terrestrial
82583,Invasive,Terrestrial|Freshwater
82584,Null,Terrestrial|Freshwater
82585,Invasive,Terrestrial
82586,Null,Marine
82587,Null,Terrestrial
82588,Invasive,Terrestrial
82589,Null,Terrestrial
82590,Null,Terrestrial
82591,Null,Freshwater
82592,Invasive,Terrestrial
82593,Null,Terrestrial
82594,Invasive,Terrestrial
82595,Null,Terrestrial
82596,Null,Terrestrial
82597,Null,Terrestrial
82598,Null,Terrestrial
82599,Null,Freshwater
82600,Null,Terrestrial
82601,Null,Terrestrial
82602,Null,Terrestrial
82603,Null,Terrestrial
82604,Null,Terrestrial
82605,Null,Terrestrial
82606,Null,Terrestrial
82607,Null,Terrestrial
82608,Null,Terrestrial
82609,Null,Terrestrial
82610,Invasive,Terrestrial
82611,Null,Terrestrial
82612,Null,Terrestrial
82613,Null,Terrestrial
82614,Null,Terrestrial
82615,Null,Terrestrial
82616,Null,Terrestrial
82617,Null,Terrestrial
82618,Null,Terrestrial
82619,Null,Terrestrial
82620,Null,Terrestrial
82621,Null,Terrestrial
82622,Null,Terrestrial
82623,Null,Terrestrial
82624,Null,Terrestrial
82625,Null,Terrestrial
82626,Null,Terrestrial
82627,Null,Terrestrial
82628,Null,Terrestrial
82629,Null,Terrestrial
82630,Null,Terrestrial
82631,Null,Terrestrial
82632,Null,Terrestrial
82633,Null,Terrestrial
82634,Null,Terrestrial
82635,Null,Terrestrial
82636,Null,Terrestrial
82637,Null,Terrestrial
82638,Null,Terrestrial
82639,Null,Terrestrial
82640,Invasive,Terrestrial
82641,Null,Terrestrial
82642,Null,Terrestrial
82643,Null,Terrestrial
82644,Null,Terrestrial
82645,Null,Terrestrial
82646,Null,Terrestrial
82647,Null,Terrestrial
82648,Null,Terrestrial
82649,Null,Terrestrial
82650,Null,Freshwater
82651,Null,Terrestrial
82652,Null,Terrestrial
82653,Invasive,Terrestrial
82654,Null,Host
82655,Null,Terrestrial
82656,Null,Freshwater|Brackish
82657,Invasive,Freshwater
82658,Invasive,Terrestrial
82659,Null,Terrestrial
82660,Null,Terrestrial
82661,Null,Freshwater
82662,Null,Terrestrial
82663,Null,Terrestrial
82664,Null,Terrestrial
82665,Null,Terrestrial
82666,Null,Terrestrial
82667,Null,Terrestrial
82668,Null,Terrestrial
82669,Null,Terrestrial
82670,Null,Terrestrial
82671,Null,Terrestrial
82672,Null,Terrestrial
82673,Null,Terrestrial
82674,Null,Terrestrial
82675,Null,Terrestrial
